17,1,30,2,1864,4,1869,2,0,0,0,0,0,0,0,0,0,0,0,0,0,0,0,0,0,0
3,2,30,3,2005,1,1869,18,1870,18,0,0,0,0,0,0,0,0,0,0,0,0,0,0,0,0
8,3,30,4,2006,1,1869,12,1872,24,1864,12,0,0,0,0,0,0,0,0,0,0,0,0,0,0
14,4,30,4,2007,1,1869,20,1878,4,1866,4,0,0,0,0,0,0,0,0,0,0,0,0,0,0
9,5,45,4,2008,2,1869,55,1872,110,1864,55,0,0,0,0,0,0,0,0,0,0,0,0,0,0
216,6,45,3,2009,2,1869,80,1870,80,0,0,0,0,0,0,0,0,0,0,0,0,0,0,0,0
1333,7,45,3,2010,2,1869,110,1870,55,0,0,0,0,0,0,0,0,0,0,0,0,0,0,0,0
15,8,60,4,2011,3,1869,220,1870,110,1866,55,0,0,0,0,0,0,0,0,0,0,0,0,0,0
120,9,60,3,2012,3,1869,200,1870,200,0,0,0,0,0,0,0,0,0,0,0,0,0,0,0,0
272,10,60,4,2013,3,1869,225,1878,45,1866,45,0,0,0,0,0,0,0,0,0,0,0,0,0,0
37,11,45,3,1921,2,1867,8,1866,1,0,0,0,0,0,0,0,0,0,0,0,0,0,0,0,0
429,12,45,3,1922,2,1867,24,1868,12,0,0,0,0,0,0,0,0,0,0,0,0,0,0,0,0
464,13,45,3,1923,2,1867,12,1868,12,0,0,0,0,0,0,0,0,0,0,0,0,0,0,0,0
44,14,60,3,1924,3,1866,15,1867,12,0,0,0,0,0,0,0,0,0,0,0,0,0,0,0,0
50,15,60,3,1925,3,1867,24,1866,3,0,0,0,0,0,0,0,0,0,0,0,0,0,0,0,0
25,16,63,3,1926,3,1883,3,1869,30,0,0,0,0,0,0,0,0,0,0,0,0,0,0,0,0
32,17,63,3,1928,3,1883,2,1872,14,0,0,0,0,0,0,0,0,0,0,0,0,0,0,0,0
907,18,45,3,1896,2,1864,20,1865,4,0,0,0,0,0,0,0,0,0,0,0,0,0,0,0,0
908,19,60,3,1897,3,1864,50,1865,10,0,0,0,0,0,0,0,0,0,0,0,0,0,0,0,0
1463,20,72,2,1785,9,1458,3,0,0,0,0,0,0,0,0,0,0,0,0,0,0,0,0,0,0
1464,21,84,2,1785,30,1459,2,0,0,0,0,0,0,0,0,0,0,0,0,0,0,0,0,0,0
1465,22,100,2,1785,54,1460,1,0,0,0,0,0,0,0,0,0,0,0,0,0,0,0,0,0,0
1466,23,120,2,1785,36,1461,1,0,0,0,0,0,0,0,0,0,0,0,0,0,0,0,0,0,0
1467,24,150,2,1785,40,1462,1,0,0,0,0,0,0,0,0,0,0,0,0,0,0,0,0,0,0
1882,25,10,1,1867,6,0,0,0,0,0,0,0,0,0,0,0,0,0,0,0,0,0,0,0,0
1884,26,20,2,1880,2,1868,25,0,0,0,0,0,0,0,0,0,0,0,0,0,0,0,0,0,0
1893,27,40,3,1888,1,1873,12,1874,4,0,0,0,0,0,0,0,0,0,0,0,0,0,0,0,0
1878,28,10,1,1864,5,0,0,0,0,0,0,0,0,0,0,0,0,0,0,0,0,0,0,0,0
1879,29,10,2,1870,3,1871,3,0,0,0,0,0,0,0,0,0,0,0,0,0,0,0,0,0,0
1880,30,10,2,1865,5,1869,5,0,0,0,0,0,0,0,0,0,0,0,0,0,0,0,0,0,0
1881,31,10,1,1872,10,0,0,0,0,0,0,0,0,0,0,0,0,0,0,0,0,0,0,0,0
1883,32,20,3,1878,5,1869,5,1870,5,0,0,0,0,0,0,0,0,0,0,0,0,0,0,0,0
1885,33,20,2,1881,1,1866,3,0,0,0,0,0,0,0,0,0,0,0,0,0,0,0,0,0,0
1886,34,20,3,1878,5,1879,5,1873,10,0,0,0,0,0,0,0,0,0,0,0,0,0,0,0,0
1887,35,20,3,1881,3,1865,3,1875,1,0,0,0,0,0,0,0,0,0,0,0,0,0,0,0,0
1888,36,20,2,1879,3,1874,1,0,0,0,0,0,0,0,0,0,0,0,0,0,0,0,0,0,0
1889,37,20,2,1878,5,1868,5,0,0,0,0,0,0,0,0,0,0,0,0,0,0,0,0,0,0
1890,38,40,3,1887,1,1880,2,1876,1,0,0,0,0,0,0,0,0,0,0,0,0,0,0,0,0
1891,39,40,3,1883,1,1887,5,1877,10,0,0,0,0,0,0,0,0,0,0,0,0,0,0,0,0
1892,40,40,3,1886,1,1887,5,1876,10,0,0,0,0,0,0,0,0,0,0,0,0,0,0,0,0
1894,41,40,3,1884,4,1882,4,1870,4,0,0,0,0,0,0,0,0,0,0,0,0,0,0,0,0
1895,42,40,2,1884,20,1873,15,0,0,0,0,0,0,0,0,0,0,0,0,0,0,0,0,0,0
909,43,72,3,1898,3,1864,80,1865,16,0,0,0,0,0,0,0,0,0,0,0,0,0,0,0,0
910,44,84,5,1899,4,1886,1,1878,15,1865,3,2130,2,0,0,0,0,0,0,0,0,0,0,0,0
911,45,96,6,1900,5,1886,1,1878,15,1865,3,1458,18,2130,3,0,0,0,0,0,0,0,0,0,0
849,46,108,6,1901,6,1886,1,1884,30,1865,6,1458,22,2130,4,0,0,0,0,0,0,0,0,0,0
850,47,120,6,1902,7,1886,1,1884,60,1865,12,1458,30,2130,6,0,0,0,0,0,0,0,0,0,0
881,48,120,6,1903,7,1886,1,1884,30,1865,6,1458,20,2130,4,0,0,0,0,0,0,0,0,0,0
913,49,120,6,1904,7,1886,1,1878,70,1865,14,1458,38,2130,9,0,0,0,0,0,0,0,0,0,0
851,50,129,6,1905,8,1886,1,1884,90,1865,18,1458,40,2130,8,0,0,0,0,0,0,0,0,0,0
882,51,129,6,1906,8,1886,1,1884,50,1865,10,1458,25,2130,5,0,0,0,0,0,0,0,0,0,0
914,52,129,6,1907,8,1886,1,1878,90,1865,18,1458,50,2130,12,0,0,0,0,0,0,0,0,0,0
852,53,138,6,1908,8,1892,1,1895,5,1887,1,1458,30,2131,4,0,0,0,0,0,0,0,0,0,0
883,54,138,6,1909,8,1886,1,1895,15,1887,3,1458,25,2131,2,0,0,0,0,0,0,0,0,0,0
915,55,138,6,1910,8,1892,1,1889,5,1887,1,1458,65,2131,5,0,0,0,0,0,0,0,0,0,0
853,56,147,6,1911,9,1892,1,1895,5,1887,1,1459,14,2131,5,0,0,0,0,0,0,0,0,0,0
884,57,147,6,1912,9,1886,1,1895,15,1887,3,1459,10,2131,3,0,0,0,0,0,0,0,0,0,0
916,58,147,6,1913,9,1892,1,1889,10,1887,2,1459,16,2131,7,0,0,0,0,0,0,0,0,0,0
854,59,156,6,1914,10,1892,1,1895,20,1887,4,1459,22,2131,8,0,0,0,0,0,0,0,0,0,0
885,60,156,6,1915,10,1886,1,1895,30,1887,6,1459,12,2131,5,0,0,0,0,0,0,0,0,0,0
917,61,156,6,1916,10,1892,1,1889,20,1887,4,1459,26,2131,11,0,0,0,0,0,0,0,0,0,0
119,62,165,6,1920,11,1892,1,1889,35,1887,7,1459,38,2131,16,0,0,0,0,0,0,0,0,0,0
855,63,165,6,1918,11,1892,1,1895,45,1887,9,1459,28,2131,12,0,0,0,0,0,0,0,0,0,0
891,64,183,8,2171,1,1919,13,1892,1,1895,50,1887,10,4044,10,1460,18,2132,4,0,0,0,0,0,0
922,65,183,8,2172,1,1917,13,4048,1,1889,55,1887,11,4044,11,1460,37,2132,8,0,0,0,0,0,0
27,66,72,3,1927,3,1867,110,1868,55,0,0,0,0,0,0,0,0,0,0,0,0,0,0,0,0
33,67,72,3,1929,3,1867,55,1868,55,0,0,0,0,0,0,0,0,0,0,0,0,0,0,0,0
39,68,72,3,1930,3,1867,40,1866,5,0,0,0,0,0,0,0,0,0,0,0,0,0,0,0,0
40,69,84,4,1931,4,1882,8,1885,1,2130,1,0,0,0,0,0,0,0,0,0,0,0,0,0,0
45,70,84,4,1932,4,1883,1,1882,15,2130,2,0,0,0,0,0,0,0,0,0,0,0,0,0,0
467,71,96,5,1933,5,1882,20,1884,20,1458,20,2130,4,0,0,0,0,0,0,0,0,0,0,0,0
604,72,84,4,1934,4,1882,8,1885,1,2130,1,0,0,0,0,0,0,0,0,0,0,0,0,0,0
348,73,96,5,1935,5,1883,3,1880,20,1458,40,2130,9,0,0,0,0,0,0,0,0,0,0,0,0
434,74,96,5,1936,5,1882,40,1884,20,1458,28,2130,7,0,0,0,0,0,0,0,0,0,0,0,0
377,75,96,5,1937,5,1883,2,1880,14,1458,20,2130,5,0,0,0,0,0,0,0,0,0,0,0,0
393,76,108,5,1938,6,1883,3,1880,25,1458,45,2130,11,0,0,0,0,0,0,0,0,0,0,0,0
415,77,108,5,1939,6,1883,2,1880,14,1458,30,2130,6,0,0,0,0,0,0,0,0,0,0,0,0
553,78,108,5,1940,6,1882,16,1885,2,1458,16,2130,3,0,0,0,0,0,0,0,0,0,0,0,0
352,79,120,5,1941,7,1883,3,1880,54,1458,90,2130,24,0,0,0,0,0,0,0,0,0,0,0,0
395,80,120,5,1942,7,1882,84,1884,42,1458,70,2130,17,0,0,0,0,0,0,0,0,0,0,0,0
417,81,120,5,1943,7,1882,45,1884,45,1458,45,2130,10,0,0,0,0,0,0,0,0,0,0,0,0
437,82,120,5,1944,7,1882,84,1884,42,1458,70,2130,17,0,0,0,0,0,0,0,0,0,0,0,0
470,83,120,5,1945,7,1882,45,1884,45,1458,45,2130,10,0,0,0,0,0,0,0,0,0,0,0,0
606,84,120,5,1946,7,1882,24,1885,3,1458,24,2130,5,0,0,0,0,0,0,0,0,0,0,0,0
629,85,120,6,1947,7,1880,12,1879,4,1882,4,1458,24,2130,5,0,0,0,0,0,0,0,0,0,0
1124,86,120,5,1948,7,1882,24,1885,3,1458,24,2130,5,0,0,0,0,0,0,0,0,0,0,0,0
61,87,129,5,1949,8,1882,32,1885,4,1458,30,2130,6,0,0,0,0,0,0,0,0,0,0,0,0
353,88,129,5,1950,8,1883,3,1880,70,1458,120,2130,32,0,0,0,0,0,0,0,0,0,0,0,0
380,89,129,5,1951,8,1883,2,1880,45,1458,70,2130,19,0,0,0,0,0,0,0,0,0,0,0,0
396,90,129,6,1952,8,1882,140,1884,70,1878,35,1458,130,2130,36,0,0,0,0,0,0,0,0,0,0
438,91,129,6,1953,8,1882,140,1884,70,1878,35,1458,130,2130,36,0,0,0,0,0,0,0,0,0,0
471,92,138,5,1954,8,1894,15,1895,15,1458,70,2131,6,0,0,0,0,0,0,0,0,0,0,0,0
497,93,129,5,1955,8,1883,1,1882,60,1458,45,2130,10,0,0,0,0,0,0,0,0,0,0,0,0
630,94,129,6,1956,8,1880,15,1879,5,1882,5,1458,32,2130,7,0,0,0,0,0,0,0,0,0,0
1125,95,129,5,1957,8,1882,32,1885,4,1458,30,2130,6,0,0,0,0,0,0,0,0,0,0,0,0
62,96,138,5,1958,8,1894,8,1885,1,1458,40,2130,9,0,0,0,0,0,0,0,0,0,0,0,0
354,97,138,5,1959,8,1892,3,1890,1,1458,150,2131,14,0,0,0,0,0,0,0,0,0,0,0,0
381,98,138,5,1960,8,1892,2,1890,1,1458,90,2131,8,0,0,0,0,0,0,0,0,0,0,0,0
397,99,138,5,1961,8,1894,24,1895,12,1458,120,2131,10,0,0,0,0,0,0,0,0,0,0,0,0
439,100,138,5,1962,8,1894,24,1895,12,1458,120,2131,10,0,0,0,0,0,0,0,0,0,0,0,0
607,101,129,5,1963,8,1882,32,1885,4,1458,30,2130,6,0,0,0,0,0,0,0,0,0,0,0,0
631,102,138,6,1964,8,1890,3,1888,1,1894,1,1458,40,2131,3,0,0,0,0,0,0,0,0,0,0
498,103,141,5,1965,9,1892,1,1894,3,1459,14,2131,5,0,0,0,0,0,0,0,0,0,0,0,0
398,104,144,5,1966,9,1894,30,1895,15,1459,30,2131,12,0,0,0,0,0,0,0,0,0,0,0,0
418,105,144,5,1967,9,1894,18,1895,18,1459,18,2131,7,0,0,0,0,0,0,0,0,0,0,0,0
355,106,147,5,1968,9,1892,3,1890,5,1459,42,2131,19,0,0,0,0,0,0,0,0,0,0,0,0
382,107,147,5,1969,9,1892,2,1890,3,1459,25,2131,11,0,0,0,0,0,0,0,0,0,0,0,0
440,108,147,6,1970,9,1894,40,1895,20,1889,10,1459,50,2131,21,0,0,0,0,0,0,0,0,0,0
500,109,147,5,1971,9,1892,1,1894,6,1459,16,2131,6,0,0,0,0,0,0,0,0,0,0,0,0
632,110,147,6,1972,9,1890,4,1888,1,1894,1,1459,12,2131,4,0,0,0,0,0,0,0,0,0,0
1120,111,147,5,1973,9,1894,10,1885,1,1459,12,2131,4,0,0,0,0,0,0,0,0,0,0,0,0
1126,112,147,5,1974,9,1894,10,1885,1,1459,12,2131,4,0,0,0,0,0,0,0,0,0,0,0,0
399,113,147,5,1975,9,1894,32,1895,16,1459,32,2131,14,0,0,0,0,0,0,0,0,0,0,0,0
419,114,147,5,1976,9,1894,20,1895,20,1459,20,2131,8,0,0,0,0,0,0,0,0,0,0,0,0
60,115,156,6,1977,10,1892,4,1890,21,1887,7,1459,95,2131,48,0,0,0,0,0,0,0,0,0,0
103,116,156,6,1978,10,1890,6,1888,2,1894,2,1459,17,2131,7,0,0,0,0,0,0,0,0,0,0
441,117,156,5,1979,10,1894,48,1895,24,1459,50,2131,22,0,0,0,0,0,0,0,0,0,0,0,0
472,118,156,5,1980,10,1894,30,1895,30,1459,30,2131,13,0,0,0,0,0,0,0,0,0,0,0,0
608,119,156,5,1981,10,1894,16,1885,2,1459,16,2131,6,0,0,0,0,0,0,0,0,0,0,0,0
1127,120,156,5,1982,10,1894,16,1885,2,1459,16,2131,6,0,0,0,0,0,0,0,0,0,0,0,0
1149,121,156,5,1983,10,1892,1,1894,14,1459,25,2131,10,0,0,0,0,0,0,0,0,0,0,0,0
400,122,159,5,1984,10,1894,54,1895,27,1459,55,2131,25,0,0,0,0,0,0,0,0,0,0,0,0
420,123,159,5,1985,10,1894,32,1895,32,1459,35,2131,15,0,0,0,0,0,0,0,0,0,0,0,0
356,124,165,6,1986,11,1892,4,1890,36,1887,12,1459,140,2131,73,0,0,0,0,0,0,0,0,0,0
401,125,165,6,1987,11,1894,96,1895,48,1889,24,1459,100,2131,53,0,0,0,0,0,0,0,0,0,0
442,126,165,5,1988,11,1894,70,1895,35,1459,72,2131,34,0,0,0,0,0,0,0,0,0,0,0,0
473,127,165,5,1989,11,1894,42,1895,42,1459,45,2131,20,0,0,0,0,0,0,0,0,0,0,0,0
499,128,165,5,1990,11,1892,1,1894,26,1459,36,2131,15,0,0,0,0,0,0,0,0,0,0,0,0
529,129,165,5,1991,11,1892,1,1894,26,1459,36,2131,15,0,0,0,0,0,0,0,0,0,0,0,0
531,130,165,5,1992,11,1892,1,1894,26,1459,36,2131,15,0,0,0,0,0,0,0,0,0,0,0,0
533,131,165,5,1993,11,1892,1,1894,26,1459,36,2131,15,0,0,0,0,0,0,0,0,0,0,0,0
535,132,165,5,1994,11,1892,1,1894,26,1459,36,2131,15,0,0,0,0,0,0,0,0,0,0,0,0
537,133,165,5,1995,11,1892,1,1894,26,1459,36,2131,15,0,0,0,0,0,0,0,0,0,0,0,0
539,134,165,5,1996,11,1892,1,1894,26,1459,36,2131,15,0,0,0,0,0,0,0,0,0,0,0,0
541,135,165,5,1997,11,1892,1,1894,26,1459,36,2131,15,0,0,0,0,0,0,0,0,0,0,0,0
543,136,165,5,1998,11,1892,1,1894,26,1459,36,2131,15,0,0,0,0,0,0,0,0,0,0,0,0
545,137,165,5,1999,11,1892,1,1894,26,1459,36,2131,15,0,0,0,0,0,0,0,0,0,0,0,0
264,138,171,8,5008,1,4103,12,1890,70,1888,70,1885,35,4042,35,1459,310,2132,55,0,0,0,0,0,0
549,139,165,5,2001,11,1892,1,1894,26,1459,36,2131,15,0,0,0,0,0,0,0,0,0,0,0,0
551,140,165,5,2002,11,1892,1,1894,26,1459,36,2131,15,0,0,0,0,0,0,0,0,0,0,0,0
609,141,165,5,2003,11,1894,24,1885,3,1459,24,2131,10,0,0,0,0,0,0,0,0,0,0,0,0
1128,142,165,5,2004,11,1894,24,1885,3,1459,24,2131,10,0,0,0,0,0,0,0,0,0,0,0,0
1341,143,80,2,1864,1,1881,1,0,0,0,0,0,0,0,0,0,0,0,0,0,0,0,0,0,0
1342,144,100,2,1864,4,1880,1,0,0,0,0,0,0,0,0,0,0,0,0,0,0,0,0,0,0
87,145,72,4,2014,3,1869,260,1870,260,1866,130,0,0,0,0,0,0,0,0,0,0,0,0,0,0
219,146,72,3,2015,3,1869,365,1870,365,0,0,0,0,0,0,0,0,0,0,0,0,0,0,0,0
273,147,72,4,2016,3,1869,400,1878,80,1866,80,0,0,0,0,0,0,0,0,0,0,0,0,0,0
123,148,84,5,2017,4,1883,2,1880,70,1879,70,2130,34,0,0,0,0,0,0,0,0,0,0,0,0
221,149,84,5,2018,4,1883,2,1880,70,1879,70,2130,34,0,0,0,0,0,0,0,0,0,0,0,0
291,150,84,5,2019,4,1880,80,1879,40,1885,20,2130,34,0,0,0,0,0,0,0,0,0,0,0,0
313,151,84,5,2020,4,1880,30,1881,60,1878,30,2130,34,0,0,0,0,0,0,0,0,0,0,0,0
125,152,96,6,2021,5,1883,2,1880,75,1879,75,1458,200,2130,57,0,0,0,0,0,0,0,0,0,0
180,153,96,6,2022,5,1880,60,1879,60,1885,30,1458,200,2130,57,0,0,0,0,0,0,0,0,0,0
184,154,96,6,2023,5,1880,45,1881,90,1878,45,1458,200,2130,57,0,0,0,0,0,0,0,0,0,0
276,155,96,6,2024,5,1880,100,1878,20,1885,20,1458,200,2130,57,0,0,0,0,0,0,0,0,0,0
295,156,96,6,2025,5,1880,80,1879,40,1885,20,1458,200,2130,57,0,0,0,0,0,0,0,0,0,0
124,157,108,6,2026,6,1883,3,1880,144,1879,72,1458,300,2130,91,0,0,0,0,0,0,0,0,0,0
157,158,108,6,2027,6,1880,90,1879,90,1885,45,1458,300,2130,91,0,0,0,0,0,0,0,0,0,0
241,159,108,6,2028,6,1883,2,1880,118,1879,118,1458,300,2130,91,0,0,0,0,0,0,0,0,0,0
278,160,108,6,2029,6,1880,150,1878,30,1885,30,1458,300,2130,91,0,0,0,0,0,0,0,0,0,0
317,161,108,6,2030,6,1880,70,1881,140,1878,70,1458,300,2130,91,0,0,0,0,0,0,0,0,0,0
88,162,120,6,2031,7,1880,128,1879,128,1885,64,1458,430,2130,139,0,0,0,0,0,0,0,0,0,0
90,163,120,6,2032,7,1880,100,1881,200,1878,100,1458,430,2130,139,0,0,0,0,0,0,0,0,0,0
93,164,120,6,2033,7,1880,180,1879,90,1885,45,1458,430,2130,139,0,0,0,0,0,0,0,0,0,0
129,165,120,6,2034,7,1883,2,1880,175,1879,175,1458,430,2130,139,0,0,0,0,0,0,0,0,0,0
158,166,120,6,2035,7,1880,128,1879,128,1885,64,1458,430,2130,139,0,0,0,0,0,0,0,0,0,0
169,167,120,6,2036,7,1880,128,1879,128,1885,64,1458,430,2130,139,0,0,0,0,0,0,0,0,0,0
172,168,120,6,2037,7,1880,128,1879,128,1885,64,1458,430,2130,139,0,0,0,0,0,0,0,0,0,0
224,169,120,6,2038,7,1883,2,1880,175,1879,175,1458,430,2130,139,0,0,0,0,0,0,0,0,0,0
261,170,120,6,2039,7,1880,128,1879,128,1885,64,1458,430,2130,139,0,0,0,0,0,0,0,0,0,0
279,171,120,6,2040,7,1880,225,1878,45,1885,45,1458,300,2130,139,0,0,0,0,0,0,0,0,0,0
294,172,120,6,2041,7,1880,180,1879,90,1885,45,1458,430,2130,139,0,0,0,0,0,0,0,0,0,0
318,173,120,6,2042,7,1880,100,1881,200,1878,100,1458,430,2130,139,0,0,0,0,0,0,0,0,0,0
319,174,120,6,2043,7,1880,100,1881,200,1878,100,1458,430,2130,139,0,0,0,0,0,0,0,0,0,0
1660,175,120,6,2044,7,1883,2,1880,175,1879,175,1458,430,2130,139,0,0,0,0,0,0,0,0,0,0
320,176,123,6,2045,7,1880,110,1881,220,1878,110,1458,470,2130,153,0,0,0,0,0,0,0,0,0,0
321,177,123,6,2046,7,1880,110,1881,220,1878,110,1458,470,2130,153,0,0,0,0,0,0,0,0,0,0
70,178,129,6,2047,8,1883,3,1880,270,1879,135,1458,550,2130,185,0,0,0,0,0,0,0,0,0,0
159,179,129,6,2048,8,1880,160,1879,160,1885,80,1458,550,2130,185,0,0,0,0,0,0,0,0,0,0
187,180,129,6,2049,8,1880,220,1879,110,1885,55,1458,550,2130,185,0,0,0,0,0,0,0,0,0,0
188,181,129,6,2050,8,1880,130,1881,260,1878,130,1458,550,2130,185,0,0,0,0,0,0,0,0,0,0
189,182,129,6,2051,8,1880,130,1881,260,1878,130,1458,550,2130,185,0,0,0,0,0,0,0,0,0,0
225,183,129,6,2052,8,1883,2,1880,220,1879,220,1458,550,2130,185,0,0,0,0,0,0,0,0,0,0
262,184,129,6,2053,8,1880,160,1879,160,1885,80,1458,550,2130,185,0,0,0,0,0,0,0,0,0,0
280,185,129,6,2054,8,1880,275,1878,55,1885,55,1458,550,2130,185,0,0,0,0,0,0,0,0,0,0
297,186,129,6,2055,8,1880,220,1879,110,1885,55,1458,550,2130,185,0,0,0,0,0,0,0,0,0,0
322,187,129,6,2056,8,1880,130,1881,260,1878,130,1458,550,2130,185,0,0,0,0,0,0,0,0,0,0
323,188,129,6,2057,8,1880,130,1881,260,1878,130,1458,550,2130,185,0,0,0,0,0,0,0,0,0,0
190,189,129,6,2058,8,1880,220,1879,110,1885,55,1458,550,2130,185,0,0,0,0,0,0,0,0,0,0
71,190,138,7,2059,8,1891,3,1890,24,1888,12,5220,48,1458,700,2131,81,0,0,0,0,0,0,0,0
72,191,138,7,2060,8,1891,2,1890,25,1888,25,5220,50,1458,700,2131,81,0,0,0,0,0,0,0,0
89,192,138,7,2061,8,1890,30,1888,30,1885,15,5220,60,1458,700,2131,81,0,0,0,0,0,0,0,0
96,193,138,7,2062,8,1890,40,1888,20,1885,10,5220,50,1458,700,2131,81,0,0,0,0,0,0,0,0
160,194,138,7,2063,8,1890,30,1888,30,1885,15,5220,60,1458,700,2131,81,0,0,0,0,0,0,0,0
161,195,138,7,2064,8,1890,30,1888,30,1885,15,5220,60,1458,700,2131,81,0,0,0,0,0,0,0,0
173,196,138,7,2065,8,1890,30,1888,30,1885,15,5220,60,1458,700,2131,81,0,0,0,0,0,0,0,0
191,197,138,7,2066,8,1890,40,1888,20,1885,10,5220,50,1458,700,2131,81,0,0,0,0,0,0,0,0
192,198,138,7,2067,8,1893,20,1881,40,1889,20,5220,60,1458,700,2131,81,0,0,0,0,0,0,0,0
193,199,138,7,2068,8,1893,20,1881,40,1889,20,5220,60,1458,700,2131,81,0,0,0,0,0,0,0,0
194,200,138,7,2069,8,1890,40,1888,20,1885,10,5220,50,1458,700,2131,81,0,0,0,0,0,0,0,0
226,201,138,7,2070,8,1891,2,1890,25,1888,25,5220,50,1458,700,2131,81,0,0,0,0,0,0,0,0
230,202,138,7,2071,8,1891,2,1890,25,1888,25,5220,50,1458,700,2131,81,0,0,0,0,0,0,0,0
232,203,138,7,2072,8,1891,2,1890,25,1888,25,5220,50,1458,700,2131,81,0,0,0,0,0,0,0,0
263,204,138,7,2073,8,1890,30,1888,30,1885,15,5220,60,1458,700,2131,81,0,0,0,0,0,0,0,0
281,205,138,7,2074,8,1890,45,1889,9,1885,9,5220,54,1458,700,2131,81,0,0,0,0,0,0,0,0
298,206,138,7,2075,8,1890,40,1888,20,1885,10,5220,50,1458,700,2131,81,0,0,0,0,0,0,0,0
302,207,138,7,2076,8,1890,40,1888,20,1885,10,5220,50,1458,700,2131,81,0,0,0,0,0,0,0,0
73,208,147,7,2077,9,1891,2,1890,33,1888,33,5220,66,1459,180,2131,105,0,0,0,0,0,0,0,0
74,209,147,7,2078,9,1891,2,1890,33,1888,33,5220,66,1459,180,2131,105,0,0,0,0,0,0,0,0
94,210,147,7,2079,9,1890,52,1888,26,1885,13,5220,65,1459,170,2131,105,0,0,0,0,0,0,0,0
131,211,147,7,2080,9,1891,2,1890,33,1888,33,5220,66,1459,180,2131,105,0,0,0,0,0,0,0,0
133,212,147,7,2081,9,1891,2,1890,33,1888,33,5220,66,1459,180,2131,105,0,0,0,0,0,0,0,0
195,213,147,7,2082,9,1893,26,1881,52,1889,26,5220,78,1459,180,2131,105,0,0,0,0,0,0,0,0
227,214,147,7,2083,9,1891,2,1890,33,1888,33,5220,66,1459,180,2131,105,0,0,0,0,0,0,0,0
242,215,147,7,2084,9,1891,2,1890,33,1888,33,5220,66,1459,180,2131,105,0,0,0,0,0,0,0,0
282,216,147,7,2085,9,1890,60,1889,12,1885,12,5220,72,1459,170,2131,105,0,0,0,0,0,0,0,0
285,217,147,7,2086,9,1890,60,1889,12,1885,12,5220,72,1459,170,2131,105,0,0,0,0,0,0,0,0
324,218,147,7,2087,9,1893,26,1881,52,1889,26,5220,78,1459,180,2131,105,0,0,0,0,0,0,0,0
325,219,147,7,2088,9,1893,26,1881,52,1889,26,5220,78,1459,180,2131,105,0,0,0,0,0,0,0,0
75,220,156,7,2089,10,1891,2,1890,50,1888,50,5220,100,1459,300,2131,166,0,0,0,0,0,0,0,0
76,221,156,7,2090,10,1891,2,1890,50,1888,50,5220,100,1459,300,2131,166,0,0,0,0,0,0,0,0
77,222,156,7,2091,10,1891,2,1890,50,1888,50,5220,100,1459,300,2131,166,0,0,0,0,0,0,0,0
84,223,156,7,2092,10,1891,2,1890,50,1888,50,5220,100,1459,300,2131,166,0,0,0,0,0,0,0,0
95,224,156,7,2093,10,1890,72,1888,36,1885,18,5220,90,1459,300,2131,166,0,0,0,0,0,0,0,0
132,225,156,7,2094,10,1891,2,1890,50,1888,50,5220,100,1459,300,2131,166,0,0,0,0,0,0,0,0
134,226,156,7,2095,10,1891,2,1890,50,1888,50,5220,100,1459,300,2131,166,0,0,0,0,0,0,0,0
145,227,156,7,2096,10,1891,2,1890,50,1888,50,5220,100,1459,300,2131,166,0,0,0,0,0,0,0,0
162,228,156,7,2097,10,1890,54,1888,54,1885,27,5220,108,1459,300,2131,166,0,0,0,0,0,0,0,0
174,229,156,7,2098,10,1890,54,1888,54,1885,27,5220,108,1459,300,2131,166,0,0,0,0,0,0,0,0
196,230,156,7,2099,10,1893,37,1881,74,1889,37,5220,111,1459,300,2131,166,0,0,0,0,0,0,0,0
197,231,156,7,2100,10,1893,37,1881,74,1889,37,5220,111,1459,300,2131,166,0,0,0,0,0,0,0,0
198,232,156,7,2101,10,1893,37,1881,74,1889,37,5220,111,1459,300,2131,166,0,0,0,0,0,0,0,0
199,233,156,7,2102,10,1890,72,1888,36,1885,18,5220,90,1459,300,2131,166,0,0,0,0,0,0,0,0
200,234,156,7,2103,10,1893,37,1881,74,1889,37,5220,111,1459,300,2131,166,0,0,0,0,0,0,0,0
201,235,156,7,2104,10,1893,37,1881,74,1889,37,5220,111,1459,300,2131,166,0,0,0,0,0,0,0,0
202,236,156,7,2105,10,1890,54,1888,54,1885,27,5220,108,1459,300,2131,166,0,0,0,0,0,0,0,0
231,237,156,7,2106,10,1891,2,1890,50,1888,50,5220,100,1459,300,2131,166,0,0,0,0,0,0,0,0
233,238,156,7,2107,10,1891,2,1890,50,1888,50,5220,100,1459,300,2131,166,0,0,0,0,0,0,0,0
265,239,156,7,2108,10,1890,54,1888,54,1885,27,5220,108,1459,300,2131,166,0,0,0,0,0,0,0,0
283,240,156,7,2109,10,1890,85,1889,17,1885,17,5220,102,1459,290,2131,166,0,0,0,0,0,0,0,0
326,241,156,7,2110,10,1893,37,1881,74,1889,37,5220,111,1459,300,2131,166,0,0,0,0,0,0,0,0
327,242,156,7,2111,10,1893,37,1881,74,1889,37,5220,111,1459,300,2131,166,0,0,0,0,0,0,0,0
203,243,159,7,2112,10,1890,80,1888,40,1885,20,5220,100,1459,330,2131,187,0,0,0,0,0,0,0,0
301,244,159,7,2113,10,1890,80,1888,40,1885,20,5220,100,1459,330,2131,187,0,0,0,0,0,0,0,0
303,245,159,7,2114,10,1890,80,1888,40,1885,20,5220,100,1459,330,2131,187,0,0,0,0,0,0,0,0
135,246,165,7,2115,11,1891,3,1890,82,1888,41,5220,164,1459,410,2131,248,0,0,0,0,0,0,0,0
204,247,165,7,2116,11,1893,54,1881,108,1889,54,5220,162,1459,410,2131,248,0,0,0,0,0,0,0,0
205,248,165,7,2117,11,1893,54,1881,108,1889,54,5220,162,1459,410,2131,248,0,0,0,0,0,0,0,0
206,249,165,7,2118,11,1893,54,1881,108,1889,54,5220,162,1459,410,2131,248,0,0,0,0,0,0,0,0
228,250,165,7,2119,11,1891,2,1890,76,1888,76,5220,152,1459,410,2131,248,0,0,0,0,0,0,0,0
266,251,165,7,2120,11,1890,80,1888,80,1885,40,5220,160,1459,410,2131,248,0,0,0,0,0,0,0,0
286,252,165,7,2121,11,1890,120,1889,24,1885,24,5220,144,1459,420,2131,248,0,0,0,0,0,0,0,0
299,253,165,7,2122,11,1890,104,1888,52,1885,26,5220,130,1459,420,2131,248,0,0,0,0,0,0,0,0
328,254,165,7,2123,11,1893,54,1881,108,1889,54,5220,162,1459,410,2131,248,0,0,0,0,0,0,0,0
329,255,165,7,2124,11,1893,54,1881,108,1889,54,5220,162,1459,410,2131,248,0,0,0,0,0,0,0,0
330,256,165,7,2125,11,1893,54,1881,108,1889,54,5220,162,1459,410,2131,248,0,0,0,0,0,0,0,0
331,257,165,7,2126,11,1893,54,1881,108,1889,54,5220,162,1459,410,2131,248,0,0,0,0,0,0,0,0
332,258,165,7,2127,11,1893,54,1881,108,1889,54,5220,162,1459,410,2131,248,0,0,0,0,0,0,0,0
333,259,165,7,2128,11,1893,54,1881,108,1889,54,5220,162,1459,410,2131,248,0,0,0,0,0,0,0,0
334,260,165,7,2129,11,1893,54,1881,108,1889,54,5220,162,1459,410,2131,248,0,0,0,0,0,0,0,0
886,261,165,6,2917,11,1886,1,1895,40,1887,8,1459,20,2131,7,0,0,0,0,0,0,0,0,0,0
2377,262,120,5,2918,7,1883,2,1880,32,1458,60,2130,14,0,0,0,0,0,0,0,0,0,0,0,0
2378,263,120,5,2919,7,1883,2,1880,32,1458,60,2130,14,0,0,0,0,0,0,0,0,0,0,0,0
2396,264,120,5,2920,7,1882,84,1884,42,1458,70,2130,17,0,0,0,0,0,0,0,0,0,0,0,0
2401,265,120,5,2921,7,1882,45,1884,45,1458,45,2130,10,0,0,0,0,0,0,0,0,0,0,0,0
2411,266,120,5,2922,7,1883,1,1882,20,1458,35,2130,8,0,0,0,0,0,0,0,0,0,0,0,0
2424,267,120,5,2923,7,1882,24,1885,3,1458,24,2130,5,0,0,0,0,0,0,0,0,0,0,0,0
2425,268,120,5,2924,7,1882,24,1885,3,1458,24,2130,5,0,0,0,0,0,0,0,0,0,0,0,0
2426,269,120,5,2925,7,1882,24,1885,3,1458,24,2130,5,0,0,0,0,0,0,0,0,0,0,0,0
2448,270,120,5,2926,7,1882,24,1885,3,1458,24,2130,5,0,0,0,0,0,0,0,0,0,0,0,0
2449,271,120,5,2927,7,1882,24,1885,3,1458,24,2130,5,0,0,0,0,0,0,0,0,0,0,0,0
2450,272,120,5,2928,7,1882,24,1885,3,1458,24,2130,5,0,0,0,0,0,0,0,0,0,0,0,0
2493,273,120,6,2929,7,1880,12,1879,4,1882,4,1458,24,2130,5,0,0,0,0,0,0,0,0,0,0
2412,274,129,5,2930,8,1883,1,1882,60,1458,45,2130,10,0,0,0,0,0,0,0,0,0,0,0,0
2427,275,129,5,2931,8,1882,32,1885,4,1458,30,2130,6,0,0,0,0,0,0,0,0,0,0,0,0
2428,276,129,5,2932,8,1882,32,1885,4,1458,30,2130,6,0,0,0,0,0,0,0,0,0,0,0,0
2451,277,129,5,2933,8,1882,32,1885,4,1458,30,2130,6,0,0,0,0,0,0,0,0,0,0,0,0
2494,278,129,6,2934,8,1880,15,1879,5,1882,5,1458,32,2130,7,0,0,0,0,0,0,0,0,0,0
2387,279,138,5,2935,8,1894,15,1895,15,1458,70,2131,6,0,0,0,0,0,0,0,0,0,0,0,0
2413,280,138,5,2936,8,1892,1,1894,2,1458,60,2131,5,0,0,0,0,0,0,0,0,0,0,0,0
2429,281,138,5,2937,8,1894,8,1885,1,1458,40,2131,3,0,0,0,0,0,0,0,0,0,0,0,0
2430,282,138,5,2938,8,1894,8,1885,1,1458,40,2131,3,0,0,0,0,0,0,0,0,0,0,0,0
2431,283,138,5,2939,8,1894,8,1885,1,1458,40,2131,3,0,0,0,0,0,0,0,0,0,0,0,0
2432,284,138,5,2940,8,1894,8,1885,1,1458,40,2131,3,0,0,0,0,0,0,0,0,0,0,0,0
2433,285,138,5,2941,8,1894,8,1885,1,1458,40,2131,3,0,0,0,0,0,0,0,0,0,0,0,0
2452,286,138,5,2942,8,1894,8,1885,1,1458,40,2131,3,0,0,0,0,0,0,0,0,0,0,0,0
2453,287,138,5,2943,8,1894,8,1885,1,1458,40,2131,3,0,0,0,0,0,0,0,0,0,0,0,0
2454,288,138,5,2944,8,1894,8,1885,1,1458,40,2131,3,0,0,0,0,0,0,0,0,0,0,0,0
2495,289,138,6,2945,8,1890,3,1888,1,1894,1,1458,40,2131,3,0,0,0,0,0,0,0,0,0,0
2455,290,144,5,2946,9,1894,8,1885,1,1459,10,2131,3,0,0,0,0,0,0,0,0,0,0,0,0
2496,291,144,6,2947,9,1890,3,1888,1,1894,1,1459,12,2131,4,0,0,0,0,0,0,0,0,0,0
2434,292,147,5,2948,9,1894,10,1885,1,1459,12,2131,4,0,0,0,0,0,0,0,0,0,0,0,0
2456,293,147,5,2949,9,1894,10,1885,1,1459,12,2131,4,0,0,0,0,0,0,0,0,0,0,0,0
2457,294,147,5,2950,9,1894,10,1885,1,1459,12,2131,4,0,0,0,0,0,0,0,0,0,0,0,0
2458,295,147,5,2951,9,1894,10,1885,1,1459,12,2131,4,0,0,0,0,0,0,0,0,0,0,0,0
2435,296,156,5,2952,10,1894,16,1885,2,1459,16,2131,6,0,0,0,0,0,0,0,0,0,0,0,0
2459,297,156,5,2953,10,1894,16,1885,2,1459,16,2131,6,0,0,0,0,0,0,0,0,0,0,0,0
2436,298,159,5,2954,10,1894,18,1885,2,1459,20,2131,7,0,0,0,0,0,0,0,0,0,0,0,0
2460,299,159,5,2955,10,1894,18,1885,2,1459,20,2131,7,0,0,0,0,0,0,0,0,0,0,0,0
64,300,156,5,2956,10,1894,16,1885,2,1459,16,2131,6,0,0,0,0,0,0,0,0,0,0,0,0
517,301,156,5,2957,10,1892,1,1894,14,1459,25,2131,10,0,0,0,0,0,0,0,0,0,0,0,0
603,302,165,5,2958,11,1894,24,1885,3,1459,24,2131,10,0,0,0,0,0,0,0,0,0,0,0,0
2414,303,165,5,2959,11,1892,1,1894,26,1459,36,2131,15,0,0,0,0,0,0,0,0,0,0,0,0
2437,304,165,5,2960,11,1894,24,1885,3,1459,24,2131,10,0,0,0,0,0,0,0,0,0,0,0,0
2438,305,165,5,2961,11,1894,24,1885,3,1459,24,2131,10,0,0,0,0,0,0,0,0,0,0,0,0
2461,306,165,5,2962,11,1894,24,1885,3,1459,24,2131,10,0,0,0,0,0,0,0,0,0,0,0,0
2462,307,165,5,2963,11,1894,24,1885,3,1459,24,2131,10,0,0,0,0,0,0,0,0,0,0,0,0
2463,308,165,5,2964,11,1894,24,1885,3,1459,24,2131,10,0,0,0,0,0,0,0,0,0,0,0,0
2468,309,165,5,2965,11,1894,24,1885,3,1459,24,2131,10,0,0,0,0,0,0,0,0,0,0,0,0
2497,310,165,6,2966,11,1890,9,1888,3,1894,3,1459,25,2131,10,0,0,0,0,0,0,0,0,0,0
2499,311,129,6,2967,8,1883,2,1880,220,1879,220,1458,550,2130,185,0,0,0,0,0,0,0,0,0,0
2502,312,147,7,2968,9,1890,38,1888,38,1885,19,5220,76,1459,180,2131,105,0,0,0,0,0,0,0,0
2503,313,165,7,2969,11,1890,80,1888,80,1885,40,5220,160,1459,410,2131,248,0,0,0,0,0,0,0,0
3030,314,100,4,3273,20,3274,10,3275,10,1458,10,0,0,0,0,0,0,0,0,0,0,0,0,0,0
3139,315,100,3,3138,1,3134,1,1458,10,0,0,0,0,0,0,0,0,0,0,0,0,0,0,0,0
3136,316,100,1,3137,1,0,0,0,0,0,0,0,0,0,0,0,0,0,0,0,0,0,0,0,0
2510,317,60,2,3031,3,1458,1,0,0,0,0,0,0,0,0,0,0,0,0,0,0,0,0,0,0
2511,318,120,2,3031,10,1459,1,0,0,0,0,0,0,0,0,0,0,0,0,0,0,0,0,0,0
2512,319,180,2,3031,15,1460,1,0,0,0,0,0,0,0,0,0,0,0,0,0,0,0,0,0,0
2513,320,240,2,3031,22,1461,1,0,0,0,0,0,0,0,0,0,0,0,0,0,0,0,0,0,0
2514,321,300,2,3031,15,1462,1,0,0,0,0,0,0,0,0,0,0,0,0,0,0,0,0,0,0
3846,322,100,1,3845,1,0,0,0,0,0,0,0,0,0,0,0,0,0,0,0,0,0,0,0,0
3948,323,60,2,3031,8,1458,2,0,0,0,0,0,0,0,0,0,0,0,0,0,0,0,0,0,0
3949,324,120,2,3031,30,1459,2,0,0,0,0,0,0,0,0,0,0,0,0,0,0,0,0,0,0
3950,325,180,2,3031,16,1460,2,0,0,0,0,0,0,0,0,0,0,0,0,0,0,0,0,0,0
3951,326,240,2,3031,70,1461,2,0,0,0,0,0,0,0,0,0,0,0,0,0,0,0,0,0,0
3952,327,300,2,3031,50,1462,2,0,0,0,0,0,0,0,0,0,0,0,0,0,0,0,0,0,0
856,328,174,8,4937,1,4049,12,1892,1,1895,30,1887,6,4044,6,1459,28,2132,4,0,0,0,0,0,0
856,329,174,8,4126,1,4049,12,4048,1,1895,40,1887,8,4044,8,1459,35,2132,4,0,0,0,0,0,0
887,330,174,8,4938,1,4050,12,1886,1,1895,25,1887,5,4044,5,1459,22,2132,2,0,0,0,0,0,0
887,331,174,8,4127,1,4050,12,1892,1,1895,30,1887,6,4044,6,1459,32,2132,2,0,0,0,0,0,0
918,332,174,8,4939,1,4051,12,1892,1,1889,30,1887,6,4044,6,1459,34,2132,5,0,0,0,0,0,0
918,333,174,8,4128,1,4051,12,4048,1,1889,35,1887,7,4044,7,1459,58,2132,5,0,0,0,0,0,0
864,334,183,8,4973,1,4052,13,1892,1,1895,50,1887,10,4044,10,1460,16,2132,6,0,0,0,0,0,0
864,335,183,8,4129,1,4052,13,4048,1,1895,65,1887,13,4044,13,1460,25,2132,6,0,0,0,0,0,0
895,336,183,8,4974,1,4053,13,1886,1,1895,40,1887,8,4044,8,1460,10,2132,4,0,0,0,0,0,0
895,337,183,8,4130,1,4053,13,1892,1,1895,50,1887,10,4044,10,1460,18,2132,4,0,0,0,0,0,0
926,338,183,8,4975,1,4054,13,1892,1,1889,40,1887,8,4044,8,1460,20,2132,8,0,0,0,0,0,0
926,339,183,8,4131,1,4054,13,4048,1,1889,55,1887,11,4044,11,1460,37,2132,8,0,0,0,0,0,0
107,340,156,6,4055,10,1890,6,1888,2,1894,2,1459,17,2131,7,0,0,0,0,0,0,0,0,0,0
357,341,174,7,4940,1,4056,12,1892,3,1890,18,4043,12,1459,82,2132,12,0,0,0,0,0,0,0,0
357,342,174,7,4133,1,4056,12,4048,3,1890,33,4043,22,1459,129,2132,12,0,0,0,0,0,0,0,0
383,343,174,7,4941,1,4057,12,1892,2,1890,12,4043,8,1459,45,2132,7,0,0,0,0,0,0,0,0
383,344,174,7,4134,1,4057,12,4048,2,1890,21,4043,14,1459,72,2132,7,0,0,0,0,0,0,0,0
564,345,183,7,4976,1,4058,13,1894,32,1885,4,4043,4,1460,8,2132,4,0,0,0,0,0,0,0,0
564,346,183,8,4135,1,4058,13,4046,1,1894,48,1885,6,4043,6,1460,15,2132,4,0,0,0,0,0,0
572,347,174,7,4942,1,4059,12,1894,16,1885,2,4043,2,1459,25,2132,2,0,0,0,0,0,0,0,0
572,348,174,8,4136,1,4059,12,4046,1,1894,24,1885,3,4043,3,1459,33,2132,2,0,0,0,0,0,0
578,349,174,7,4943,1,4060,12,1894,16,1885,2,4043,2,1459,25,2132,2,0,0,0,0,0,0,0,0
578,350,174,8,4137,1,4060,12,4046,1,1894,24,1885,3,4043,3,1459,33,2132,2,0,0,0,0,0,0
582,351,183,7,4977,1,4061,13,1894,32,1885,4,4043,4,1460,8,2132,4,0,0,0,0,0,0,0,0
582,352,183,8,4138,1,4061,13,4046,1,1894,48,1885,6,4043,6,1460,15,2132,4,0,0,0,0,0,0
588,353,183,7,4978,1,4062,13,1894,32,1885,4,4043,4,1460,8,2132,4,0,0,0,0,0,0,0,0
588,354,183,8,4139,1,4062,13,4046,1,1894,48,1885,6,4043,6,1460,15,2132,4,0,0,0,0,0,0
590,355,183,7,4979,1,4063,13,1894,32,1885,4,4043,4,1460,8,2132,4,0,0,0,0,0,0,0,0
590,356,183,8,4140,1,4063,13,4046,1,1894,48,1885,6,4043,6,1460,15,2132,4,0,0,0,0,0,0
2376,357,174,7,4944,1,4064,12,1892,3,1890,18,4043,12,1459,82,2132,12,0,0,0,0,0,0,0,0
2376,358,174,7,4141,1,4064,12,4048,3,1890,33,4043,22,1459,129,2132,12,0,0,0,0,0,0,0,0
2379,359,174,7,4945,1,4065,12,1892,2,1890,12,4043,8,1459,45,2132,7,0,0,0,0,0,0,0,0
2379,360,174,7,4142,1,4065,12,4048,2,1890,21,4043,14,1459,72,2132,7,0,0,0,0,0,0,0,0
2384,361,174,7,4946,1,4066,12,1894,40,1895,20,4043,20,1459,65,2132,9,0,0,0,0,0,0,0,0
2384,362,174,8,4143,1,4066,12,4046,2,1894,58,1895,29,4043,29,1459,118,2132,9,0,0,0,0,0,0
2388,363,174,7,4947,1,4067,12,1894,20,1895,20,4043,20,1459,34,2132,5,0,0,0,0,0,0,0,0
2388,364,174,8,4144,1,4067,12,4046,1,1894,29,1895,29,4043,29,1459,70,2132,5,0,0,0,0,0,0
2390,365,174,8,4948,1,4068,12,1894,65,1895,32,1889,16,4043,16,1459,95,2132,14,0,0,0,0,0,0
2390,366,174,9,4145,1,4068,12,4046,3,1894,96,1895,48,1889,24,4043,24,1459,161,2132,14,0,0,0,0
2397,367,174,7,4949,1,4069,12,1894,40,1895,20,4043,20,1459,65,2132,9,0,0,0,0,0,0,0,0
2397,368,174,8,4146,1,4069,12,4046,2,1894,58,1895,29,4043,29,1459,118,2132,9,0,0,0,0,0,0
2402,369,174,7,4950,1,4070,12,1894,20,1895,20,4043,20,1459,34,2132,5,0,0,0,0,0,0,0,0
2402,370,174,8,4147,1,4070,12,4046,1,1894,29,1895,29,4043,29,1459,70,2132,5,0,0,0,0,0,0
2406,371,174,8,4951,1,4071,12,1894,65,1895,32,1889,16,4043,16,1459,95,2132,14,0,0,0,0,0,0
2406,372,174,9,4148,1,4071,12,4046,3,1894,96,1895,48,1889,24,4043,24,1459,161,2132,14,0,0,0,0
2415,373,174,7,4952,1,4072,12,1892,1,1894,20,4043,2,1459,30,2132,4,0,0,0,0,0,0,0,0
2415,374,174,7,4149,1,4072,12,4048,1,1894,40,4043,4,1459,41,2132,4,0,0,0,0,0,0,0,0
2464,375,174,7,4953,1,4073,12,1894,16,1885,2,4043,2,1459,25,2132,2,0,0,0,0,0,0,0,0
2464,376,174,8,4150,1,4073,12,4046,1,1894,24,1885,3,4043,3,1459,33,2132,2,0,0,0,0,0,0
2465,377,174,7,4954,1,4074,12,1894,16,1885,2,4043,2,1459,25,2132,2,0,0,0,0,0,0,0,0
2465,378,174,8,4151,1,4074,12,4046,1,1894,32,1885,4,4043,4,1459,15,2132,2,0,0,0,0,0,0
2466,379,174,7,4955,1,4075,12,1894,16,1885,2,4043,2,1459,25,2132,2,0,0,0,0,0,0,0,0
2466,380,174,8,4152,1,4075,12,4046,1,1894,32,1885,4,4043,4,1459,15,2132,2,0,0,0,0,0,0
2467,381,174,7,4956,1,4076,12,1894,16,1885,2,4043,2,1459,25,2132,2,0,0,0,0,0,0,0,0
2467,382,174,8,4153,1,4076,12,4046,1,1894,32,1885,4,4043,4,1459,15,2132,2,0,0,0,0,0,0
110,383,183,8,4980,1,4077,13,1890,9,1888,3,1894,3,4043,3,1460,15,2132,4,0,0,0,0,0,0
110,384,183,9,4154,1,4077,13,4046,1,1890,9,1888,3,1894,3,4043,3,1460,20,2132,4,0,0,0,0
358,385,183,7,4981,1,4078,13,1892,3,1890,36,4043,24,1460,40,2132,20,0,0,0,0,0,0,0,0
358,386,183,7,4155,1,4078,13,4048,3,1890,54,4043,36,1460,89,2132,20,0,0,0,0,0,0,0,0
595,387,174,7,4957,1,4079,12,1894,16,1885,2,4043,2,1459,25,2132,2,0,0,0,0,0,0,0,0
595,388,174,8,4156,1,4079,12,4046,1,1894,24,1885,3,4043,3,1459,33,2132,2,0,0,0,0,0,0
2380,389,183,7,4982,1,4080,13,1892,2,1890,24,4043,16,1460,20,2132,12,0,0,0,0,0,0,0,0
2380,390,183,7,4157,1,4080,13,4048,2,1890,36,4043,24,1460,49,2132,12,0,0,0,0,0,0,0,0
2381,391,183,8,4983,1,4081,13,1892,4,1890,45,1887,15,4043,30,1460,60,2132,31,0,0,0,0,0,0
2381,392,183,8,4158,1,4081,13,4048,4,1890,69,1887,23,4043,46,1460,136,2132,31,0,0,0,0,0,0
2391,393,183,8,4984,1,4082,12,1894,100,1895,50,1889,25,4043,25,1460,48,2132,22,0,0,0,0,0,0
2391,394,183,9,4159,1,4082,12,4046,3,1894,140,1895,75,1889,35,4043,35,1460,107,2132,22,0,0,0,0
2392,395,183,8,4985,1,4083,12,1894,100,1895,50,1889,25,4043,25,1460,48,2132,22,0,0,0,0,0,0
2392,396,183,9,4160,1,4083,12,4046,3,1894,140,1895,70,1889,35,4043,35,1460,107,2132,22,0,0,0,0
2398,397,183,7,4986,1,4084,13,1894,64,1895,32,4043,32,1460,32,2132,14,0,0,0,0,0,0,0,0
2398,398,183,8,4161,1,4084,13,4046,2,1894,88,1895,44,4043,44,1460,73,2132,14,0,0,0,0,0,0
2399,399,183,7,4987,1,4085,13,1894,64,1895,32,4043,32,1460,32,2132,14,0,0,0,0,0,0,0,0
2399,400,183,8,4162,1,4085,13,4046,2,1894,88,1895,44,4043,44,1460,73,2132,14,0,0,0,0,0,0
2403,401,183,7,4988,1,4086,13,1894,30,1895,30,4043,30,1460,18,2132,8,0,0,0,0,0,0,0,0
2403,402,183,8,4163,1,4086,13,4046,1,1894,41,1895,41,4043,41,1460,47,2132,8,0,0,0,0,0,0
2404,403,183,7,4989,1,4087,13,1894,30,1895,30,4043,30,1460,18,2132,8,0,0,0,0,0,0,0,0
2404,404,183,8,4164,1,4087,13,4046,1,1894,41,1895,41,4043,41,1460,47,2132,8,0,0,0,0,0,0
2416,405,183,7,4990,1,4088,13,1892,1,1894,40,4043,4,1460,14,2132,7,0,0,0,0,0,0,0,0
2416,406,183,7,4165,1,4088,13,4048,1,1894,50,4043,5,1460,39,2132,7,0,0,0,0,0,0,0,0
2417,407,183,7,4991,1,4089,13,1892,1,1894,40,4043,4,1460,14,2132,7,0,0,0,0,0,0,0,0
2417,408,183,7,4166,1,4089,13,4048,1,1894,50,4043,5,1460,39,2132,7,0,0,0,0,0,0,0,0
2439,409,183,7,4992,1,4090,13,1894,32,1885,4,4043,4,1460,8,2132,4,0,0,0,0,0,0,0,0
2439,410,183,8,4167,1,4090,13,4046,1,1894,48,1885,6,4043,6,1460,15,2132,4,0,0,0,0,0,0
2475,411,183,7,4993,1,4091,13,1894,32,1885,4,4043,4,1460,8,2132,4,0,0,0,0,0,0,0,0
2475,412,183,8,4168,1,4091,13,4046,1,1894,48,1885,6,4043,6,1460,15,2132,4,0,0,0,0,0,0
2480,413,183,7,4994,1,4092,13,1894,32,1885,4,4043,4,1460,8,2132,4,0,0,0,0,0,0,0,0
2480,414,183,8,4169,1,4092,13,4046,1,1894,48,1885,6,4043,6,1460,15,2132,4,0,0,0,0,0,0
2481,415,183,7,4995,1,4093,13,1894,32,1885,4,4043,4,1460,8,2132,4,0,0,0,0,0,0,0,0
2481,416,183,8,4170,1,4093,13,4046,1,1894,48,1885,6,4043,6,1460,15,2132,4,0,0,0,0,0,0
2485,417,183,7,4996,1,4094,13,1894,32,1885,4,4043,4,1460,8,2132,4,0,0,0,0,0,0,0,0
2485,418,183,8,4171,1,4094,13,4046,1,1894,48,1885,6,4043,6,1460,15,2132,4,0,0,0,0,0,0
2486,419,183,7,4997,1,4095,13,1894,32,1885,4,4043,4,1460,8,2132,4,0,0,0,0,0,0,0,0
2486,420,183,8,4172,1,4095,13,4046,1,1894,48,1885,6,4043,6,1460,15,2132,4,0,0,0,0,0,0
2487,421,183,7,4998,1,4096,13,1894,32,1885,4,4043,4,1460,8,2132,4,0,0,0,0,0,0,0,0
2487,422,183,8,4173,1,4096,13,4046,1,1894,48,1885,6,4043,6,1460,15,2132,4,0,0,0,0,0,0
554,423,174,7,4958,1,4097,12,1894,16,1885,2,4043,2,1459,25,2132,2,0,0,0,0,0,0,0,0
554,424,174,8,4174,1,4097,12,4046,1,1894,24,1885,3,4043,3,1459,33,2132,2,0,0,0,0,0,0
600,425,174,7,4959,1,4098,12,1894,16,1885,2,4043,2,1459,25,2132,2,0,0,0,0,0,0,0,0
600,426,174,8,4175,1,4098,12,4046,1,1894,24,1885,3,4043,3,1459,33,2132,2,0,0,0,0,0,0
601,427,183,7,4999,1,4099,13,1894,32,1885,4,4043,4,1460,8,2132,4,0,0,0,0,0,0,0,0
601,428,183,8,4176,1,4099,13,4046,1,1894,48,1885,6,4043,6,1460,15,2132,4,0,0,0,0,0,0
612,429,174,7,4960,1,4100,12,1894,16,1885,2,4043,2,1459,25,2132,2,0,0,0,0,0,0,0,0
612,430,174,8,4177,1,4100,12,4046,1,1894,24,1885,3,4043,3,1459,33,2132,2,0,0,0,0,0,0
633,431,174,8,4961,1,4101,12,1890,6,1888,2,1894,2,4043,2,1459,25,2132,3,0,0,0,0,0,0
633,432,174,9,4178,1,4101,12,4046,1,1890,12,1888,4,1894,4,4043,4,1459,16,2132,3,0,0,0,0
503,433,174,7,4962,1,4102,12,1892,1,1894,20,4043,2,1459,30,2132,4,0,0,0,0,0,0,0,0
503,434,174,7,4179,1,4102,12,4048,1,1894,40,4043,4,1459,41,2132,4,0,0,0,0,0,0,0,0
1343,435,120,2,1878,1,1873,5,0,0,0,0,0,0,0,0,0,0,0,0,0,0,0,0,0,0
264,436,171,8,5008,1,4103,12,1890,70,1888,70,1885,35,4042,35,1459,310,2132,55,0,0,0,0,0,0
264,437,171,9,4181,1,4103,12,4045,3,1890,100,1888,100,1885,50,4042,50,1459,467,2132,55,0,0,0,0
78,438,174,8,4963,1,4104,12,1891,3,1890,80,1888,40,4042,40,1459,350,2132,62,0,0,0,0,0,0
78,439,174,8,4182,1,4104,12,4047,3,1890,126,1888,63,4042,63,1459,317,2132,62,0,0,0,0,0,0
91,440,174,8,4964,1,4105,12,1890,80,1888,80,1885,40,4042,40,1459,325,2132,62,0,0,0,0,0,0
91,441,174,9,4183,1,4105,12,4045,3,1890,118,1888,118,1885,59,4042,59,1459,498,2132,62,0,0,0,0
92,442,174,8,4965,1,4106,12,1893,50,1881,100,1889,50,4042,50,1459,330,2132,62,0,0,0,0,0,0
92,443,174,9,4184,1,4106,12,4045,3,1893,75,1881,150,1889,75,4042,75,1459,491,2132,62,0,0,0,0
142,444,174,8,4966,1,4107,12,1891,2,1890,72,1888,72,4042,36,1459,360,2132,62,0,0,0,0,0,0
142,445,174,8,4185,1,4107,12,4047,2,1890,114,1888,114,4042,57,1459,517,2132,62,0,0,0,0,0,0
148,446,174,8,4967,1,4108,12,1891,2,1890,72,1888,72,4042,36,1459,360,2132,62,0,0,0,0,0,0
148,447,174,8,4186,1,4108,12,4047,2,1890,114,1888,114,4042,57,1459,517,2132,62,0,0,0,0,0,0
229,448,174,8,4968,1,4109,12,1891,2,1890,72,1888,72,4042,36,1459,360,2132,62,0,0,0,0,0,0
229,449,174,8,4187,1,4109,12,4047,2,1890,114,1888,114,4042,57,1459,517,2132,62,0,0,0,0,0,0
243,450,174,8,4969,1,4110,12,1891,2,1890,72,1888,72,4042,36,1459,360,2132,62,0,0,0,0,0,0
243,451,174,8,4188,1,4110,12,4047,2,1890,114,1888,114,4042,57,1459,517,2132,62,0,0,0,0,0,0
267,452,174,8,4970,1,4111,12,1890,80,1888,80,1885,40,4042,40,1459,325,2132,62,0,0,0,0,0,0
267,453,174,9,4189,1,4111,12,4045,3,1890,118,1888,118,1885,59,4042,59,1459,498,2132,62,0,0,0,0
284,454,174,8,4971,1,4112,12,1890,125,1889,25,1885,25,4042,25,1459,350,2132,62,0,0,0,0,0,0
284,455,174,9,4190,1,4112,12,4045,3,1890,185,1889,37,1885,37,4042,37,1459,534,2132,62,0,0,0,0
300,456,174,8,4972,1,4113,12,1890,100,1888,50,1885,25,4042,25,1459,360,2132,62,0,0,0,0,0,0
300,457,174,9,4191,1,4113,12,4045,4,1890,160,1888,80,1885,40,4042,40,1459,353,2132,62,0,0,0,0
79,458,183,8,5000,1,4114,13,1891,2,1890,120,1888,120,4042,60,1460,160,2132,98,0,0,0,0,0,0
79,459,183,8,4192,1,4114,13,4047,2,1890,172,1888,172,4042,86,1460,341,2132,98,0,0,0,0,0,0
97,460,183,8,5001,1,4115,13,1890,160,1888,80,1885,40,4042,40,1460,168,2132,98,0,0,0,0,0,0
97,461,183,9,4193,1,4115,13,4045,4,1890,232,1888,116,1885,58,4042,58,1460,291,2132,98,0,0,0,0
171,462,183,8,5002,1,4116,13,1890,120,1888,120,1885,60,4042,60,1460,165,2132,98,0,0,0,0,0,0
171,463,183,9,4194,1,4116,13,4045,3,1890,172,1888,172,1885,86,4042,86,1460,339,2132,98,0,0,0,0
175,464,183,8,5003,1,4117,13,1890,120,1888,120,1885,60,4042,60,1460,165,2132,98,0,0,0,0,0,0
175,465,183,9,4195,1,4117,13,4045,3,1890,172,1888,172,1885,86,4042,86,1460,339,2132,98,0,0,0,0
210,466,183,8,5004,1,4118,13,1893,75,1881,150,1889,75,4042,75,1460,165,2132,98,0,0,0,0,0,0
210,467,183,9,4196,1,4118,13,4045,3,1893,108,1881,216,1889,108,4042,108,1460,342,2132,98,0,0,0,0
234,468,183,8,5005,1,4119,13,1891,2,1890,120,1888,120,4042,60,1460,160,2132,98,0,0,0,0,0,0
234,469,183,8,4197,1,4119,13,4047,2,1890,172,1888,172,4042,86,1460,341,2132,98,0,0,0,0,0,0
268,470,183,8,5006,1,4120,13,1890,120,1888,120,1885,60,4042,60,1460,165,2132,98,0,0,0,0,0,0
268,471,183,9,4198,1,4120,13,4045,3,1890,172,1888,172,1885,86,4042,86,1460,339,2132,98,0,0,0,0
287,472,183,8,5007,1,4121,13,1890,200,1889,40,1885,40,4042,40,1460,155,2132,98,0,0,0,0,0,0
287,473,183,9,4199,1,4121,13,4045,3,1890,285,1889,57,1885,57,4042,57,1460,328,2132,98,0,0,0,0
4045,474,60,3,1887,10,4040,10,4041,10,0,0,0,0,0,0,0,0,0,0,0,0,0,0,0,0
4046,475,60,3,1888,4,4039,4,4040,4,0,0,0,0,0,0,0,0,0,0,0,0,0,0,0,0
4047,476,60,3,1891,2,4041,20,4042,5,0,0,0,0,0,0,0,0,0,0,0,0,0,0,0,0
4048,477,60,3,1892,1,4039,10,4043,5,0,0,0,0,0,0,0,0,0,0,0,0,0,0,0,0
673,478,174,8,4936,1,4439,12,1890,9,1888,3,1894,3,4043,3,1459,8,2132,3,0,0,0,0,0,0
673,479,174,9,4441,1,4439,12,4046,1,1890,12,1888,4,1894,4,4043,4,1459,16,2132,3,0,0,0,0
5135,480,90,2,1463,300,5192,3,0,0,0,0,0,0,0,0,0,0,0,0,0,0,0,0,0,0
5136,481,180,2,1464,300,5193,3,0,0,0,0,0,0,0,0,0,0,0,0,0,0,0,0,0,0
5137,482,270,2,1465,300,5194,6,0,0,0,0,0,0,0,0,0,0,0,0,0,0,0,0,0,0
5138,483,360,2,1466,300,5195,6,0,0,0,0,0,0,0,0,0,0,0,0,0,0,0,0,0,0
5139,484,450,2,1467,300,5196,2,0,0,0,0,0,0,0,0,0,0,0,0,0,0,0,0,0,0
5141,485,180,2,2510,300,5192,6,0,0,0,0,0,0,0,0,0,0,0,0,0,0,0,0,0,0
5142,486,360,2,2511,300,5193,7,0,0,0,0,0,0,0,0,0,0,0,0,0,0,0,0,0,0
5143,487,540,2,2512,300,5194,12,0,0,0,0,0,0,0,0,0,0,0,0,0,0,0,0,0,0
5144,488,720,2,2513,300,5195,9,0,0,0,0,0,0,0,0,0,0,0,0,0,0,0,0,0,0
5145,489,900,2,2514,300,5196,3,0,0,0,0,0,0,0,0,0,0,0,0,0,0,0,0,0,0
5147,490,180,2,3948,300,5192,15,0,0,0,0,0,0,0,0,0,0,0,0,0,0,0,0,0,0
5148,491,360,2,3949,300,5193,18,0,0,0,0,0,0,0,0,0,0,0,0,0,0,0,0,0,0
5149,492,540,2,3950,300,5194,30,0,0,0,0,0,0,0,0,0,0,0,0,0,0,0,0,0,0
5150,493,720,2,3951,300,5195,22,0,0,0,0,0,0,0,0,0,0,0,0,0,0,0,0,0,0
5151,494,900,2,3952,300,5196,7,0,0,0,0,0,0,0,0,0,0,0,0,0,0,0,0,0,0
4233,495,147,6,4438,9,1890,54,1888,54,1885,27,1459,200,2131,105,0,0,0,0,0,0,0,0,0,0
1344,496,130,2,1878,4,1876,1,0,0,0,0,0,0,0,0,0,0,0,0,0,0,0,0,0,0
5220,497,40,3,1864,10,1865,10,1869,10,0,0,0,0,0,0,0,0,0,0,0,0,0,0,0,0
5251,498,90,2,1463,1000,5192,26,0,0,0,0,0,0,0,0,0,0,0,0,0,0,0,0,0,0
5252,499,180,2,1464,1000,5193,25,0,0,0,0,0,0,0,0,0,0,0,0,0,0,0,0,0,0
5253,500,270,2,1465,1000,5194,50,0,0,0,0,0,0,0,0,0,0,0,0,0,0,0,0,0,0
5254,501,360,2,1466,1000,5195,50,0,0,0,0,0,0,0,0,0,0,0,0,0,0,0,0,0,0
5255,502,450,2,1467,1000,5196,13,0,0,0,0,0,0,0,0,0,0,0,0,0,0,0,0,0,0
5257,503,180,2,2510,1000,5192,50,0,0,0,0,0,0,0,0,0,0,0,0,0,0,0,0,0,0
5258,504,360,2,2511,1000,5193,58,0,0,0,0,0,0,0,0,0,0,0,0,0,0,0,0,0,0
5259,505,540,2,2512,1000,5194,100,0,0,0,0,0,0,0,0,0,0,0,0,0,0,0,0,0,0
5260,506,720,2,2513,1000,5195,75,0,0,0,0,0,0,0,0,0,0,0,0,0,0,0,0,0,0
5261,507,900,2,2514,1000,5196,20,0,0,0,0,0,0,0,0,0,0,0,0,0,0,0,0,0,0
5263,508,180,2,3948,1000,5192,125,0,0,0,0,0,0,0,0,0,0,0,0,0,0,0,0,0,0
5264,509,360,2,3949,1000,5193,150,0,0,0,0,0,0,0,0,0,0,0,0,0,0,0,0,0,0
5265,510,540,2,3950,1000,5194,248,0,0,0,0,0,0,0,0,0,0,0,0,0,0,0,0,0,0
5266,511,720,2,3951,1000,5195,182,0,0,0,0,0,0,0,0,0,0,0,0,0,0,0,0,0,0
5267,512,900,2,3952,1000,5196,46,0,0,0,0,0,0,0,0,0,0,0,0,0,0,0,0,0,0
5297,513,192,8,5332,1,5478,13,4046,1,1894,100,1895,60,4043,20,1460,37,2132,73,0,0,0,0,0,0
5297,514,192,8,5333,1,5478,13,5551,1,1894,180,1895,108,4043,36,1460,70,2132,67,0,0,0,0,0,0
5301,515,192,9,5334,1,5479,13,4046,1,1894,132,1895,66,1889,33,4043,33,1460,56,2132,112,0,0,0,0
5301,516,192,9,5335,1,5479,13,5553,1,1894,260,1895,130,1889,65,4043,65,1460,99,2132,103,0,0,0,0
5320,517,201,9,5336,1,5480,14,4046,1,1894,220,1895,110,1889,55,4043,55,1461,44,2133,17,0,0,0,0
5320,518,201,9,5337,1,5480,14,5553,1,1894,400,1895,200,1889,100,4043,100,1461,87,2133,17,0,0,0,0
5323,519,201,9,5338,1,5481,14,4046,1,1894,220,1895,110,1889,55,4043,55,1461,44,2133,17,0,0,0,0
5323,520,201,9,5339,1,5481,14,5553,1,1894,400,1895,200,1889,100,4043,100,1461,87,2133,17,0,0,0,0
5298,521,192,8,5340,1,5482,13,4046,1,1894,60,1895,36,4043,12,1460,22,2132,43,0,0,0,0,0,0
5298,522,192,8,5341,1,5482,13,5551,1,1894,100,1895,60,4043,20,1460,44,2132,39,0,0,0,0,0,0
5304,523,192,8,5346,1,5485,13,4046,1,1894,100,1895,60,4043,20,1460,37,2132,73,0,0,0,0,0,0
5304,524,192,8,5347,1,5485,13,5551,1,1894,180,1895,108,4043,36,1460,70,2132,67,0,0,0,0,0,0
5308,525,192,9,5348,1,5486,13,4046,1,1894,140,1895,70,1889,35,4043,35,1460,49,2132,112,0,0,0,0
5308,526,192,9,5349,1,5486,13,5553,1,1894,210,1895,126,1889,42,4043,42,1460,173,2132,103,0,0,0,0
5326,527,201,9,5350,1,5487,14,4046,1,1894,204,1895,102,1889,51,4043,51,1461,53,2133,17,0,0,0,0
5326,528,201,9,5351,1,5487,14,5553,1,1894,400,1895,200,1889,100,4043,100,1461,87,2133,17,0,0,0,0
5329,529,201,9,5352,1,5488,14,4046,1,1894,204,1895,102,1889,51,4043,51,1461,53,2133,17,0,0,0,0
5329,530,201,9,5353,1,5488,14,5553,1,1894,400,1895,200,1889,100,4043,100,1461,87,2133,17,0,0,0,0
5305,531,192,8,5354,1,5489,13,4046,1,1894,60,1895,36,4043,12,1460,22,2132,43,0,0,0,0,0,0
5305,532,192,8,5355,1,5489,13,5551,1,1894,40,1895,24,4043,8,1460,21,2132,39,0,0,0,0,0,0
5292,533,192,9,5364,1,5494,13,4046,1,1890,12,1888,4,1894,4,4043,4,1460,9,2132,22,0,0,0,0
5292,534,192,9,5365,1,5494,13,5551,1,1890,18,1888,6,1894,6,4043,6,1460,20,2132,20,0,0,0,0
5315,535,201,9,5366,1,5495,14,4046,1,1890,21,1888,7,1894,7,4043,7,1461,12,2133,3,0,0,0,0
5315,536,201,9,5367,1,5495,14,5551,1,1890,33,1888,11,1894,11,4043,11,1461,26,2133,3,0,0,0,0
5291,537,192,8,5368,1,5496,13,4046,1,1894,25,1885,15,4043,5,1460,10,2132,21,0,0,0,0,0,0
5291,538,192,8,5369,1,5496,13,5552,1,1894,20,1885,12,4043,4,1460,18,2132,19,0,0,0,0,0,0
5296,539,192,8,5370,1,5497,13,4046,1,1894,25,1885,15,4043,5,1460,10,2132,21,0,0,0,0,0,0
5296,540,192,8,5371,1,5497,13,5552,1,1894,20,1885,12,4043,4,1460,18,2132,19,0,0,0,0,0,0
5314,541,201,8,5380,1,5502,14,4046,1,1894,40,1885,24,4043,8,1461,11,2133,3,0,0,0,0,0,0
5314,542,201,8,5381,1,5502,14,5552,1,1894,50,1885,130,4043,10,1461,20,2133,3,0,0,0,0,0,0
5319,543,201,8,5382,1,5503,14,4046,1,1894,40,1885,24,4043,8,1461,11,2133,3,0,0,0,0,0,0
5319,544,201,8,5383,1,5503,14,5552,1,1894,50,1885,130,4043,10,1461,20,2133,3,0,0,0,0,0,0
5290,545,192,8,5392,1,5508,13,4046,1,1894,25,1885,15,4043,5,1460,10,2132,21,0,0,0,0,0,0
5290,546,192,8,5393,1,5508,13,5552,1,1894,20,1885,12,4043,4,1460,18,2132,19,0,0,0,0,0,0
5295,547,192,8,5394,1,5509,13,4046,1,1894,25,1885,15,4043,5,1460,10,2132,21,0,0,0,0,0,0
5295,548,192,8,5395,1,5509,13,5552,1,1894,20,1885,12,4043,4,1460,18,2132,19,0,0,0,0,0,0
5313,549,201,8,5404,1,5514,14,4046,1,1894,40,1885,24,4043,8,1461,11,2133,3,0,0,0,0,0,0
5313,550,201,8,5405,1,5514,14,5552,1,1894,50,1885,130,4043,10,1461,20,2133,3,0,0,0,0,0,0
5318,551,201,8,5406,1,5515,14,4046,1,1894,40,1885,24,4043,8,1461,11,2133,3,0,0,0,0,0,0
5318,552,201,8,5407,1,5515,14,5552,1,1894,50,1885,130,4043,10,1461,20,2133,3,0,0,0,0,0,0
5287,553,192,7,5416,1,5520,13,4048,3,1890,42,4043,28,1460,40,2132,101,0,0,0,0,0,0,0,0
5287,554,192,7,5417,1,5520,13,5553,3,1890,36,4043,24,1460,80,2132,93,0,0,0,0,0,0,0,0
5293,555,192,8,5418,1,5521,13,4048,4,1890,54,1887,18,4043,36,1460,63,2132,156,0,0,0,0,0,0
5293,556,192,8,5419,1,5521,13,5553,4,1890,54,1887,18,4043,36,1460,118,2132,142,0,0,0,0,0,0
5311,557,201,8,5420,1,5522,14,4048,4,1890,99,1887,33,4043,66,1461,61,2133,23,0,0,0,0,0,0
5311,558,201,8,5421,1,5522,14,5553,4,1890,141,1887,47,4043,94,1461,104,2133,23,0,0,0,0,0,0
5316,559,201,8,5422,1,5523,14,4048,4,1890,99,1887,33,4043,66,1461,61,2133,23,0,0,0,0,0,0
5316,560,201,8,5423,1,5523,14,5553,4,1890,141,1887,47,4043,94,1461,104,2133,23,0,0,0,0,0,0
5288,561,192,7,5424,1,5524,13,4048,2,1890,24,4043,16,1460,27,2132,59,0,0,0,0,0,0,0,0
5288,562,192,7,5425,1,5524,13,5553,2,1890,18,4043,12,1460,49,2132,54,0,0,0,0,0,0,0,0
5289,563,192,7,5426,1,5525,13,4048,1,1894,40,4043,4,1460,19,2132,33,0,0,0,0,0,0,0,0
5289,564,192,7,5427,1,5525,13,5551,1,1894,90,4043,9,1460,32,2132,30,0,0,0,0,0,0,0,0
5294,565,192,7,5428,1,5526,13,4048,1,1894,40,4043,4,1460,19,2132,33,0,0,0,0,0,0,0,0
5294,566,192,7,5429,1,5526,13,5551,1,1894,90,4043,9,1460,32,2132,30,0,0,0,0,0,0,0,0
5312,567,201,7,5430,1,5527,14,4048,1,1894,80,4043,8,1461,15,2133,5,0,0,0,0,0,0,0,0
5312,568,201,7,5431,1,5527,14,5551,1,1894,160,4043,16,1461,27,2133,5,0,0,0,0,0,0,0,0
5317,569,201,7,5432,1,5528,14,4048,1,1894,80,4043,8,1461,15,2133,5,0,0,0,0,0,0,0,0
5317,570,201,7,5433,1,5528,14,5551,1,1894,160,4043,16,1461,27,2133,5,0,0,0,0,0,0,0,0
81,571,201,9,5434,1,5529,14,4047,3,1890,156,1888,78,5550,78,4042,78,1461,195,2133,74,0,0,0,0
81,572,201,9,5435,1,5529,14,4047,4,1890,334,1888,167,5550,167,4042,167,1461,369,2133,74,0,0,0,0
5286,573,165,7,5530,11,1891,3,1890,86,1888,43,5220,172,1459,375,2131,248,0,0,0,0,0,0,0,0
5285,574,84,6,5531,4,1883,3,1880,60,1879,30,1458,117,2130,34,0,0,0,0,0,0,0,0,0,0
2504,575,192,10,5438,1,5532,13,4045,3,1890,60,1888,60,1885,30,4042,30,5550,120,1460,215,2132,143,0,0
2504,576,192,10,5439,1,5532,13,5554,2,1890,122,1888,122,1885,61,4042,61,5550,244,1460,415,2132,143,0,0
164,577,201,10,5440,1,5533,14,4045,3,1890,98,1888,98,1885,49,4042,49,5550,196,1461,194,2133,74,0,0
164,578,201,10,5441,1,5533,14,5554,2,1890,194,1888,194,1885,97,4042,97,5550,388,1461,370,2133,74,0,0
289,579,201,10,5442,1,5534,14,4045,3,1890,245,1889,49,1885,49,4042,49,5550,98,1461,197,2133,74,0,0
289,580,201,10,5443,1,5534,14,5554,2,1890,490,1889,98,1885,98,4042,98,5550,196,1461,369,2133,74,0,0
288,581,192,10,5444,1,5535,13,4045,3,1890,150,1889,30,1885,30,4042,30,5550,60,1460,219,2132,143,0,0
288,582,192,10,5445,1,5535,13,5554,2,1890,305,1889,61,1885,61,4042,61,5550,122,1460,421,2132,143,0,0
235,583,192,9,5446,1,5536,13,4047,3,1890,82,1888,82,5550,41,4042,41,1460,193,2132,143,0,0,0,0
235,584,192,9,5447,1,5536,13,4047,4,1890,196,1888,196,5550,98,4042,98,1460,344,2132,143,0,0,0,0
236,585,201,9,5448,1,5537,14,4047,3,1890,156,1888,156,5550,78,4042,78,1461,161,2133,74,0,0,0,0
236,586,201,9,5449,1,5537,14,4047,4,1890,334,1888,334,5550,167,4042,167,1461,295,2133,74,0,0,0,0
270,587,201,10,5450,1,5538,14,4045,3,1890,98,1888,98,1885,49,4042,49,5550,196,1461,194,2133,74,0,0
270,588,201,10,5451,1,5538,14,5554,2,1890,194,1888,194,1885,97,4042,97,5550,388,1461,370,2133,74,0,0
269,589,192,10,5452,1,5539,13,4045,3,1890,60,1888,60,1885,30,4042,30,5550,120,1460,215,2132,143,0,0
269,590,192,10,5453,1,5539,13,5554,2,1890,122,1888,122,1885,61,4042,61,5550,244,1460,415,2132,143,0,0
305,591,201,10,5456,1,5541,14,4045,4,1890,148,1888,74,1885,37,4042,37,5550,148,1461,193,2133,74,0,0
305,592,201,10,5457,1,5541,14,5554,3,1890,292,1888,146,1885,73,4042,73,5550,292,1461,366,2133,74,0,0
98,593,192,10,5458,1,5542,13,4045,4,1890,84,1888,42,1885,21,4042,21,5550,84,1460,222,2132,143,0,0
98,594,192,10,5459,1,5542,13,5554,3,1890,172,1888,86,1885,43,4042,43,5550,172,1460,419,2132,143,0,0
212,595,192,10,5460,1,5543,13,4045,3,1893,47,1881,94,1889,47,4042,47,5550,94,1460,216,2132,143,0,0
212,596,192,10,5461,1,5543,13,5554,2,1893,96,1881,192,1889,96,4042,96,5550,192,1460,412,2132,143,0,0
213,597,201,10,5462,1,5544,14,4045,3,1893,77,1881,154,1889,77,4042,77,5550,154,1461,193,2133,74,0,0
213,598,201,10,5463,1,5544,14,5554,2,1893,153,1881,306,1889,153,4042,153,5550,306,1461,366,2133,74,0,0
2500,599,201,9,5464,1,5545,14,4047,3,1890,156,1888,156,5550,78,4042,78,1461,161,2133,74,0,0,0,0
2500,600,201,9,5465,1,5545,14,4047,4,1890,334,1888,334,5550,167,4042,167,1461,295,2133,74,0,0,0,0
151,601,201,9,5466,1,5546,14,4047,3,1890,160,1888,160,5550,80,4042,80,1461,152,2133,74,0,0,0,0
151,602,201,9,5467,1,5546,14,4047,4,1890,320,1888,320,5550,160,4042,160,1461,372,2133,74,0,0,0,0
150,603,192,9,5468,1,5547,13,4047,3,1890,82,1888,82,5550,41,4042,41,1460,193,2132,143,0,0,0,0
150,604,192,9,5469,1,5547,13,4047,4,1890,196,1888,196,5550,98,4042,98,1460,344,2132,143,0,0,0,0
80,605,192,9,5470,1,5548,13,4047,3,1890,82,1888,82,5550,41,4042,41,1460,192,2132,143,0,0,0,0
80,606,192,9,5471,1,5548,13,4047,4,1890,196,1888,196,5550,98,4042,98,1460,344,2132,143,0,0,0,0
5549,607,40,2,1868,10,1869,5,0,0,0,0,0,0,0,0,0,0,0,0,0,0,0,0,0,0
5550,608,40,2,5549,5,1876,5,0,0,0,0,0,0,0,0,0,0,0,0,0,0,0,0,0,0
5551,609,50,3,1884,40,5550,10,1877,15,0,0,0,0,0,0,0,0,0,0,0,0,0,0,0,0
5552,610,60,3,1891,1,4041,10,4042,5,0,0,0,0,0,0,0,0,0,0,0,0,0,0,0,0
5553,611,60,3,4046,3,4040,20,4044,10,0,0,0,0,0,0,0,0,0,0,0,0,0,0,0,0
5554,612,60,3,4045,2,4039,10,1868,20,0,0,0,0,0,0,0,0,0,0,0,0,0,0,0,0
6324,613,192,8,6331,1,6341,13,4048,1,1895,35,1887,21,4044,7,1460,18,2132,29,0,0,0,0,0,0
6324,614,192,8,6332,1,6341,13,5552,1,1895,35,1887,21,4044,7,1460,27,2132,29,0,0,0,0,0,0
6327,615,201,8,6337,1,6342,14,4048,1,1895,65,1887,39,4044,13,1461,15,2133,5,0,0,0,0,0,0
6327,616,201,8,6338,1,6342,14,5552,1,1895,80,1887,48,4044,16,1461,24,2133,5,0,0,0,0,0,0
6323,617,192,8,6329,1,6343,13,4048,1,1895,55,1887,33,4044,11,1460,23,2132,12,0,0,0,0,0,0
6323,618,192,8,6330,1,6343,13,5552,1,1895,60,1887,36,4044,12,1460,37,2132,12,0,0,0,0,0,0
6326,619,201,8,6335,1,6344,14,4048,1,1895,100,1887,60,4044,20,1461,17,2133,6,0,0,0,0,0,0
6326,620,201,8,6336,1,6344,14,5552,1,1895,120,1887,72,4044,24,1461,34,2133,6,0,0,0,0,0,0
6325,621,192,8,6333,1,6345,13,1892,1,1895,30,1887,18,4044,6,1460,11,2132,18,0,0,0,0,0,0
6325,622,192,8,6334,1,6345,13,4048,1,1895,40,1887,24,4044,8,1460,17,2132,18,0,0,0,0,0,0
6328,623,201,8,6339,1,6346,14,1892,1,1895,45,1887,27,4044,9,1461,12,2133,3,0,0,0,0,0,0
6328,624,201,8,6340,1,6346,14,4048,1,1895,70,1887,42,4044,14,1461,15,2133,3,0,0,0,0,0,0
1345,625,150,2,1876,2,1878,4,0,0,0,0,0,0,0,0,0,0,0,0,0,0,0,0,0,0
6364,626,225,9,6881,1,6688,17,5554,4,1890,264,1888,264,5550,132,4042,132,1462,211,2134,43,0,0,0,0
6364,627,225,9,6882,1,6688,17,5554,8,1890,486,1888,486,5550,243,4042,243,1462,399,2134,43,0,0,0,0
6365,628,225,10,6883,1,6689,17,5554,4,1890,154,1888,154,5550,308,1885,77,4042,77,1462,211,2134,43,0,0
6365,629,225,10,6884,1,6689,17,5554,8,1890,284,1888,284,5550,568,1885,142,4042,142,1462,398,2134,43,0,0
6366,630,225,10,6885,1,6690,17,5554,4,1893,121,5550,242,1889,121,1881,242,4042,121,1462,210,2134,43,0,0
6366,631,225,10,6886,1,6690,17,5554,8,1893,222,5550,444,1889,222,1881,444,4042,222,1462,400,2134,43,0,0
6367,632,225,9,6887,1,6691,17,5554,4,1890,264,1888,264,5550,132,4042,132,1462,211,2134,43,0,0,0,0
6367,633,225,9,6888,1,6691,17,5554,8,1890,486,1888,486,5550,243,4042,243,1462,399,2134,43,0,0,0,0
6368,634,225,9,6889,1,6692,17,5554,4,1890,375,1888,75,5550,150,4042,75,1462,212,2134,43,0,0,0,0
6368,635,225,9,6890,1,6692,17,5554,8,1890,695,1888,139,5550,278,4042,139,1462,397,2134,43,0,0,0,0
6369,636,225,10,6891,1,6693,17,5554,4,1890,248,1888,124,5550,248,1885,62,4042,62,1462,214,2134,43,0,0
6369,637,225,10,6892,1,6693,17,5554,8,1890,464,1888,232,5550,464,1885,116,4042,116,1462,395,2134,43,0,0
6370,638,225,10,6893,1,6694,17,5554,4,1890,248,1888,124,5550,248,1885,62,4042,62,1462,214,2134,43,0,0
6370,639,225,10,6894,1,6694,17,5554,8,1890,464,1888,232,5550,464,1885,116,4042,116,1462,395,2134,43,0,0
6371,640,225,10,6895,1,6695,17,5554,4,1890,154,1888,154,5550,308,1885,77,4042,77,1462,211,2134,43,0,0
6371,641,225,10,6896,1,6695,17,5554,8,1890,284,1888,284,5550,568,1885,142,4042,142,1462,398,2134,43,0,0
6372,642,225,9,6897,1,6696,17,5554,4,1890,292,1888,146,5550,146,4042,146,1462,212,2134,43,0,0,0,0
6372,643,225,9,6898,1,6696,17,5554,8,1890,540,1888,270,5550,270,4042,270,1462,399,2134,43,0,0,0,0
6579,644,225,10,6899,1,6697,17,5554,4,1890,154,1888,154,5550,308,1885,77,4042,77,1462,211,2134,43,0,0
6579,645,225,10,6900,1,6697,17,5554,8,1890,284,1888,284,5550,568,1885,142,4042,142,1462,398,2134,43,0,0
6724,646,225,8,6847,1,6698,17,5552,1,1895,105,1887,63,4044,21,1462,18,2134,3,0,0,0,0,0,0
6724,647,225,8,6848,1,6698,17,5552,1,1895,195,1887,117,4044,39,1462,29,2134,3,0,0,0,0,0,0
6725,648,225,8,6849,1,6699,17,4048,1,1895,85,1887,51,4044,17,1462,12,2134,2,0,0,0,0,0,0
6725,649,225,8,6850,1,6699,17,4048,1,1895,145,1887,87,4044,29,1462,20,2134,2,0,0,0,0,0,0
6726,650,225,8,6851,1,6700,17,5552,1,1895,160,1887,96,4044,32,1462,24,2134,4,0,0,0,0,0,0
6726,651,225,8,6852,1,6700,17,5552,1,1895,280,1887,168,4044,56,1462,39,2134,4,0,0,0,0,0,0
6674,652,225,7,6853,1,6701,17,5553,3,1890,117,4043,78,1462,62,2134,11,0,0,0,0,0,0,0,0
6674,653,225,7,6854,1,6701,17,5553,4,1890,273,4043,182,1462,117,2134,11,0,0,0,0,0,0,0,0
6675,654,225,7,6855,1,6702,17,5553,2,1890,72,4043,48,1462,37,2134,6,0,0,0,0,0,0,0,0
6675,655,225,7,6856,1,6702,17,5553,3,1890,156,4043,104,1462,73,2134,6,0,0,0,0,0,0,0,0
6676,656,225,8,6857,1,6703,17,5552,1,1894,60,1885,36,4043,12,1462,16,2134,2,0,0,0,0,0,0
6676,657,225,8,6858,1,6703,17,5552,1,1894,155,1885,93,4043,31,1462,30,2134,2,0,0,0,0,0,0
6677,658,225,8,6859,1,6704,17,5552,1,1894,60,1885,36,4043,12,1462,16,2134,2,0,0,0,0,0,0
6677,659,225,8,6860,1,6704,17,5552,1,1894,155,1885,93,4043,31,1462,30,2134,2,0,0,0,0,0,0
6678,660,225,9,6861,1,6705,17,5551,1,1890,36,1894,12,1888,12,4043,12,1462,17,2134,2,0,0,0,0
6678,661,225,9,6862,1,6705,17,5551,1,1890,87,1894,29,1888,29,4043,29,1462,32,2134,2,0,0,0,0
6679,662,225,7,6863,1,6706,17,5551,1,1894,170,4043,17,1462,25,2134,4,0,0,0,0,0,0,0,0
6679,663,225,7,6864,1,6706,17,5551,1,1894,370,4043,37,1462,43,2134,4,0,0,0,0,0,0,0,0
6680,664,225,9,6865,1,6707,17,5553,3,1894,336,1895,168,1889,84,4043,84,1462,75,2134,14,0,0,0,0
6680,665,225,9,6866,1,6707,17,5553,6,1894,608,1895,304,1889,152,4043,152,1462,144,2134,14,0,0,0,0
6681,666,225,8,6867,1,6708,17,5552,1,1894,60,1885,36,4043,12,1462,16,2134,2,0,0,0,0,0,0
6681,667,225,8,6868,1,6708,17,5552,1,1894,155,1885,93,4043,31,1462,30,2134,2,0,0,0,0,0,0
6682,668,225,8,6869,1,6709,17,5552,1,1894,60,1885,36,4043,12,1462,16,2134,2,0,0,0,0,0,0
6682,669,225,8,6870,1,6709,17,5552,1,1894,155,1885,93,4043,31,1462,30,2134,2,0,0,0,0,0,0
6683,670,225,7,6871,1,6710,17,5551,1,1894,170,4043,17,1462,25,2134,4,0,0,0,0,0,0,0,0
6683,671,225,7,6872,1,6710,17,5551,1,1894,370,4043,37,1462,43,2134,4,0,0,0,0,0,0,0,0
6684,672,225,9,6873,1,6711,17,5553,3,1894,336,1895,168,1889,84,4043,84,1462,75,2134,14,0,0,0,0
6684,673,225,9,6874,1,6711,17,5553,6,1894,608,1895,304,1889,152,4043,152,1462,144,2134,14,0,0,0,0
6685,674,225,8,6875,1,6712,17,5552,1,1894,60,1885,36,4043,12,1462,16,2134,2,0,0,0,0,0,0
6685,675,225,8,6876,1,6712,17,5552,1,1894,155,1885,93,4043,31,1462,30,2134,2,0,0,0,0,0,0
6686,676,225,8,6877,1,6713,17,5552,1,1894,60,1885,36,4043,12,1462,16,2134,2,0,0,0,0,0,0
6686,677,225,8,6878,1,6713,17,5552,1,1894,155,1885,93,4043,31,1462,30,2134,2,0,0,0,0,0,0
6687,678,225,7,6879,1,6714,17,5551,1,1894,170,4043,17,1462,25,2134,4,0,0,0,0,0,0,0,0
6687,679,225,7,6880,1,6714,17,5551,1,1894,370,4043,37,1462,43,2134,4,0,0,0,0,0,0,0,0
6909,680,75,1,6908,4,0,0,0,0,0,0,0,0,0,0,0,0,0,0,0,0,0,0,0,0
6910,681,99,1,6909,4,0,0,0,0,0,0,0,0,0,0,0,0,0,0,0,0,0,0,0,0
5808,682,138,4,6922,1,6904,20,6913,300,6914,150,0,0,0,0,0,0,0,0,0,0,0,0,0,0
6844,683,138,4,6923,1,6905,20,6913,300,6914,150,0,0,0,0,0,0,0,0,0,0,0,0,0,0
6845,684,138,4,6924,1,6906,20,6913,300,6914,150,0,0,0,0,0,0,0,0,0,0,0,0,0,0
6846,685,138,4,6925,1,6907,20,6913,300,6914,150,0,0,0,0,0,0,0,0,0,0,0,0,0,0
1060,686,30,1,6908,2,0,0,0,0,0,0,0,0,0,0,0,0,0,0,0,0,0,0,0,0
1061,687,90,2,6908,2,6911,1,0,0,0,0,0,0,0,0,0,0,0,0,0,0,0,0,0,0
1539,688,150,2,6908,3,6911,3,0,0,0,0,0,0,0,0,0,0,0,0,0,0,0,0,0,0
1831,689,45,1,6908,2,0,0,0,0,0,0,0,0,0,0,0,0,0,0,0,0,0,0,0,0
1832,690,90,1,6908,3,0,0,0,0,0,0,0,0,0,0,0,0,0,0,0,0,0,0,0,0
1833,691,45,1,6908,2,0,0,0,0,0,0,0,0,0,0,0,0,0,0,0,0,0,0,0,0
1834,692,90,1,6908,3,0,0,0,0,0,0,0,0,0,0,0,0,0,0,0,0,0,0,0,0
734,693,60,2,6908,4,6911,4,0,0,0,0,0,0,0,0,0,0,0,0,0,0,0,0,0,0
735,694,60,2,6908,5,6911,9,0,0,0,0,0,0,0,0,0,0,0,0,0,0,0,0,0,0
1374,695,120,2,6909,4,6911,7,0,0,0,0,0,0,0,0,0,0,0,0,0,0,0,0,0,0
1375,696,120,2,6909,10,6911,12,0,0,0,0,0,0,0,0,0,0,0,0,0,0,0,0,0,0
6035,697,60,2,6908,10,6911,7,0,0,0,0,0,0,0,0,0,0,0,0,0,0,0,0,0,0
6036,698,120,2,6909,10,6911,12,0,0,0,0,0,0,0,0,0,0,0,0,0,0,0,0,0,0
5234,699,96,3,6939,1,6909,10,6911,28,0,0,0,0,0,0,0,0,0,0,0,0,0,0,0,0
5235,700,114,4,6940,1,6909,6,6911,50,6912,15,0,0,0,0,0,0,0,0,0,0,0,0,0,0
5236,701,114,4,6941,1,6909,6,6911,50,6912,15,0,0,0,0,0,0,0,0,0,0,0,0,0,0
5237,702,114,4,6942,1,6909,6,6911,50,6912,15,0,0,0,0,0,0,0,0,0,0,0,0,0,0
5238,703,114,4,6943,1,6909,6,6911,50,6912,15,0,0,0,0,0,0,0,0,0,0,0,0,0,0
5239,704,114,4,6944,1,6909,6,6911,50,6912,15,0,0,0,0,0,0,0,0,0,0,0,0,0,0
5240,705,114,4,6945,1,6909,6,6911,50,6912,15,0,0,0,0,0,0,0,0,0,0,0,0,0,0
5241,706,114,4,6946,1,6909,6,6911,50,6912,15,0,0,0,0,0,0,0,0,0,0,0,0,0,0
5242,707,114,4,6947,1,6909,6,6911,50,6912,15,0,0,0,0,0,0,0,0,0,0,0,0,0,0
5243,708,114,4,6948,1,6909,6,6911,50,6912,15,0,0,0,0,0,0,0,0,0,0,0,0,0,0
5244,709,114,4,6949,1,6909,6,6911,50,6912,15,0,0,0,0,0,0,0,0,0,0,0,0,0,0
5245,710,114,4,6950,1,6909,6,6911,50,6912,15,0,0,0,0,0,0,0,0,0,0,0,0,0,0
5246,711,114,4,6951,1,6909,6,6911,50,6912,15,0,0,0,0,0,0,0,0,0,0,0,0,0,0
5247,712,114,4,6952,1,6909,6,6911,50,6912,15,0,0,0,0,0,0,0,0,0,0,0,0,0,0
5248,713,114,4,6953,1,6909,6,6911,50,6912,15,0,0,0,0,0,0,0,0,0,0,0,0,0,0
4469,714,126,4,6954,1,6909,10,6915,70,6916,10,0,0,0,0,0,0,0,0,0,0,0,0,0,0
4470,715,126,4,6955,1,6909,10,6915,70,6916,10,0,0,0,0,0,0,0,0,0,0,0,0,0,0
4471,716,126,4,6956,1,6909,10,6915,70,6916,10,0,0,0,0,0,0,0,0,0,0,0,0,0,0
4472,717,126,4,6957,1,6909,10,6915,70,6916,10,0,0,0,0,0,0,0,0,0,0,0,0,0,0
4473,718,126,4,6958,1,6909,10,6915,70,6916,10,0,0,0,0,0,0,0,0,0,0,0,0,0,0
4474,719,126,4,6959,1,6909,10,6915,70,6916,10,0,0,0,0,0,0,0,0,0,0,0,0,0,0
4475,720,126,4,6960,1,6909,10,6915,70,6916,10,0,0,0,0,0,0,0,0,0,0,0,0,0,0
4476,721,126,4,6961,1,6909,10,6915,70,6916,10,0,0,0,0,0,0,0,0,0,0,0,0,0,0
4477,722,126,4,6962,1,6909,10,6915,70,6916,10,0,0,0,0,0,0,0,0,0,0,0,0,0,0
4478,723,126,4,6963,1,6909,10,6915,70,6916,10,0,0,0,0,0,0,0,0,0,0,0,0,0,0
4479,724,126,4,6964,1,6909,10,6915,70,6916,10,0,0,0,0,0,0,0,0,0,0,0,0,0,0
4480,725,126,4,6965,1,6909,10,6915,70,6916,10,0,0,0,0,0,0,0,0,0,0,0,0,0,0
4553,726,138,4,6966,1,6910,5,6915,90,6916,15,0,0,0,0,0,0,0,0,0,0,0,0,0,0
4554,727,138,4,6967,1,6910,5,6915,90,6916,15,0,0,0,0,0,0,0,0,0,0,0,0,0,0
4555,728,138,4,6968,1,6910,5,6915,90,6916,15,0,0,0,0,0,0,0,0,0,0,0,0,0,0
4556,729,138,4,6969,1,6910,5,6915,90,6916,15,0,0,0,0,0,0,0,0,0,0,0,0,0,0
4557,730,138,4,6970,1,6910,5,6915,90,6916,15,0,0,0,0,0,0,0,0,0,0,0,0,0,0
4558,731,138,4,6971,1,6910,5,6915,90,6916,15,0,0,0,0,0,0,0,0,0,0,0,0,0,0
4559,732,138,4,6972,1,6910,5,6915,90,6916,15,0,0,0,0,0,0,0,0,0,0,0,0,0,0
4560,733,138,4,6973,1,6910,5,6915,90,6916,15,0,0,0,0,0,0,0,0,0,0,0,0,0,0
4561,734,138,4,6974,1,6910,5,6915,90,6916,15,0,0,0,0,0,0,0,0,0,0,0,0,0,0
4562,735,138,4,6975,1,6910,5,6915,90,6916,15,0,0,0,0,0,0,0,0,0,0,0,0,0,0
4563,736,138,4,6976,1,6910,5,6915,90,6916,15,0,0,0,0,0,0,0,0,0,0,0,0,0,0
4564,737,138,4,6977,1,6910,5,6915,90,6916,15,0,0,0,0,0,0,0,0,0,0,0,0,0,0
4589,738,147,4,6978,1,6910,7,6915,98,6916,22,0,0,0,0,0,0,0,0,0,0,0,0,0,0
4590,739,147,4,6979,1,6910,7,6915,98,6916,22,0,0,0,0,0,0,0,0,0,0,0,0,0,0
4591,740,147,4,6980,1,6910,7,6915,98,6916,22,0,0,0,0,0,0,0,0,0,0,0,0,0,0
4592,741,147,4,6981,1,6910,7,6915,98,6916,22,0,0,0,0,0,0,0,0,0,0,0,0,0,0
4593,742,147,4,6982,1,6910,7,6915,98,6916,22,0,0,0,0,0,0,0,0,0,0,0,0,0,0
4594,743,147,4,6983,1,6910,7,6915,98,6916,22,0,0,0,0,0,0,0,0,0,0,0,0,0,0
4595,744,147,4,6984,1,6910,7,6915,98,6916,22,0,0,0,0,0,0,0,0,0,0,0,0,0,0
4596,745,147,4,6985,1,6910,7,6915,98,6916,22,0,0,0,0,0,0,0,0,0,0,0,0,0,0
4597,746,147,4,6986,1,6910,7,6915,98,6916,22,0,0,0,0,0,0,0,0,0,0,0,0,0,0
4598,747,147,4,6987,1,6910,7,6915,98,6916,22,0,0,0,0,0,0,0,0,0,0,0,0,0,0
4599,748,147,4,6988,1,6910,7,6915,98,6916,22,0,0,0,0,0,0,0,0,0,0,0,0,0,0
4600,749,147,4,6989,1,6910,7,6915,98,6916,22,0,0,0,0,0,0,0,0,0,0,0,0,0,0
4601,750,156,4,6990,1,6910,12,6915,130,6916,40,0,0,0,0,0,0,0,0,0,0,0,0,0,0
4602,751,156,4,6991,1,6910,12,6915,130,6916,40,0,0,0,0,0,0,0,0,0,0,0,0,0,0
4603,752,156,4,6992,1,6910,12,6915,130,6916,40,0,0,0,0,0,0,0,0,0,0,0,0,0,0
4604,753,156,4,6993,1,6910,12,6915,130,6916,40,0,0,0,0,0,0,0,0,0,0,0,0,0,0
4605,754,156,4,6994,1,6910,12,6915,130,6916,40,0,0,0,0,0,0,0,0,0,0,0,0,0,0
4606,755,156,4,6995,1,6910,12,6915,130,6916,40,0,0,0,0,0,0,0,0,0,0,0,0,0,0
4607,756,156,4,6996,1,6910,12,6915,130,6916,40,0,0,0,0,0,0,0,0,0,0,0,0,0,0
4608,757,156,4,6997,1,6910,12,6915,130,6916,40,0,0,0,0,0,0,0,0,0,0,0,0,0,0
4609,758,156,4,6998,1,6910,12,6915,130,6916,40,0,0,0,0,0,0,0,0,0,0,0,0,0,0
4610,759,156,4,6999,1,6910,12,6915,130,6916,40,0,0,0,0,0,0,0,0,0,0,0,0,0,0
4611,760,156,4,7000,1,6910,12,6915,130,6916,40,0,0,0,0,0,0,0,0,0,0,0,0,0,0
4612,761,156,4,7001,1,6910,12,6915,130,6916,40,0,0,0,0,0,0,0,0,0,0,0,0,0,0
4613,762,168,4,7002,1,6910,16,6915,230,6916,60,0,0,0,0,0,0,0,0,0,0,0,0,0,0
4614,763,168,4,7003,1,6910,16,6915,230,6916,60,0,0,0,0,0,0,0,0,0,0,0,0,0,0
4615,764,168,4,7004,1,6910,16,6915,230,6916,60,0,0,0,0,0,0,0,0,0,0,0,0,0,0
4616,765,168,4,7005,1,6910,16,6915,230,6916,60,0,0,0,0,0,0,0,0,0,0,0,0,0,0
4617,766,168,4,7006,1,6910,16,6915,230,6916,60,0,0,0,0,0,0,0,0,0,0,0,0,0,0
4618,767,168,4,7007,1,6910,16,6915,230,6916,60,0,0,0,0,0,0,0,0,0,0,0,0,0,0
4619,768,168,4,7008,1,6910,16,6915,230,6916,60,0,0,0,0,0,0,0,0,0,0,0,0,0,0
4620,769,168,4,7009,1,6910,16,6915,230,6916,60,0,0,0,0,0,0,0,0,0,0,0,0,0,0
4621,770,168,4,7010,1,6910,16,6915,230,6916,60,0,0,0,0,0,0,0,0,0,0,0,0,0,0
4622,771,168,4,7011,1,6910,16,6915,230,6916,60,0,0,0,0,0,0,0,0,0,0,0,0,0,0
4623,772,168,4,7012,1,6910,16,6915,230,6916,60,0,0,0,0,0,0,0,0,0,0,0,0,0,0
4624,773,168,4,7013,1,6910,16,6915,230,6916,60,0,0,0,0,0,0,0,0,0,0,0,0,0,0
7575,774,225,10,7580,1,7579,17,5554,4,1890,385,5550,154,1885,77,1889,77,4042,77,1462,214,2134,43,0,0
7575,775,225,10,7581,1,7579,17,5554,8,1890,715,5550,286,1885,143,1889,143,4042,143,1462,399,2134,43,0,0
7680,776,138,4,7689,1,7684,20,6913,300,6914,150,0,0,0,0,0,0,0,0,0,0,0,0,0,0
7681,777,138,4,7690,1,7685,20,6913,300,6914,150,0,0,0,0,0,0,0,0,0,0,0,0,0,0
7682,778,138,4,7691,1,7686,20,6913,300,6914,150,0,0,0,0,0,0,0,0,0,0,0,0,0,0
7683,779,138,4,7692,1,7687,20,6913,300,6914,150,0,0,0,0,0,0,0,0,0,0,0,0,0,0
6843,780,138,4,7693,1,7688,20,6913,300,6914,150,0,0,0,0,0,0,0,0,0,0,0,0,0,0
7695,781,138,4,7699,1,7697,20,6913,300,6914,150,0,0,0,0,0,0,0,0,0,0,0,0,0,0
7696,782,138,4,7700,1,7698,20,6913,300,6914,150,0,0,0,0,0,0,0,0,0,0,0,0,0,0
7880,783,84,6,8327,4,1883,3,1880,60,1879,30,1458,117,2130,34,0,0,0,0,0,0,0,0,0,0
7885,784,84,6,8332,4,1883,2,1880,50,1879,50,1458,117,2130,34,0,0,0,0,0,0,0,0,0,0
7881,785,120,6,8328,7,1883,3,1880,210,1879,105,1458,430,2130,139,0,0,0,0,0,0,0,0,0,0
7886,786,120,6,8333,7,1883,2,1880,172,1879,172,1458,430,2130,139,0,0,0,0,0,0,0,0,0,0
7890,787,120,6,8337,7,1880,128,1879,128,1885,64,1458,430,2130,139,0,0,0,0,0,0,0,0,0,0
7896,788,120,6,8343,7,1880,176,1879,88,1885,44,1458,430,2130,139,0,0,0,0,0,0,0,0,0,0
7882,789,156,7,8329,10,1891,3,1890,52,1888,26,5220,104,1459,300,2131,166,0,0,0,0,0,0,0,0
7898,790,156,7,8345,10,1890,72,1888,36,1885,18,5220,90,1459,300,2131,166,0,0,0,0,0,0,0,0
7887,791,138,7,8334,8,1891,2,1890,25,1888,25,5220,50,1458,700,2131,81,0,0,0,0,0,0,0,0
7888,792,165,7,8335,11,1891,2,1890,76,1888,76,5220,152,1459,410,2131,248,0,0,0,0,0,0,0,0
7891,793,165,7,8338,11,1890,80,1888,80,1885,40,5220,160,1459,410,2131,248,0,0,0,0,0,0,0,0
7892,794,174,8,8310,1,8339,12,1890,80,1888,80,1885,40,4042,40,1459,325,2132,62,0,0,0,0,0,0
7892,795,174,9,8309,1,8339,12,4045,3,1890,118,1888,118,1885,59,4042,59,1459,499,2132,62,0,0,0,0
7900,796,174,8,8322,1,8347,12,1890,100,1888,50,1885,25,4042,25,1459,360,2132,62,0,0,0,0,0,0
7900,797,174,9,8321,1,8347,12,4045,4,1890,160,1888,80,1885,40,4042,40,1459,353,2132,62,0,0,0,0
7889,798,183,8,8306,1,8336,13,1891,2,1890,120,1888,120,4042,60,1460,160,2132,98,0,0,0,0,0,0
7889,799,183,8,8305,1,8336,13,4047,2,1890,172,1888,172,4042,86,1460,341,2132,98,0,0,0,0,0,0
7893,800,183,8,8312,1,8340,13,1890,120,1888,120,1885,60,4042,60,1460,165,2132,98,0,0,0,0,0,0
7893,801,183,9,8311,1,8340,13,4045,3,1890,172,1888,172,1885,86,4042,86,1460,339,2132,98,0,0,0,0
7901,802,183,8,8324,1,8348,13,1890,160,1888,80,1885,40,4042,40,1460,168,2132,98,0,0,0,0,0,0
7901,803,183,9,8323,1,8348,13,4045,4,1890,232,1888,116,1885,58,4042,58,1460,291,2132,98,0,0,0,0
7894,804,192,10,8314,1,8341,13,4045,3,1890,60,1888,60,1885,30,4042,30,5550,120,1460,215,2132,143,0,0
7894,805,192,10,8313,1,8341,13,5554,2,1890,122,1888,122,1885,61,4042,61,5550,244,1460,415,2132,143,0,0
7895,806,201,10,8316,1,8342,14,4045,3,1890,98,1888,98,1885,49,4042,49,5550,196,1461,194,2133,74,0,0
7895,807,201,10,8315,1,8342,14,5554,2,1890,194,1888,194,1885,97,4042,97,5550,388,1461,370,2133,74,0,0
7902,808,201,10,8326,1,8349,14,4045,4,1890,148,1888,74,1885,37,4042,37,5550,148,1461,193,2133,74,0,0
7902,809,201,10,8325,1,8349,14,5554,3,1890,292,1888,146,1885,73,4042,73,5550,292,1461,366,2133,74,0,0
7883,810,183,8,8298,1,8330,13,1891,3,1890,134,1888,67,4042,67,1460,159,2132,98,0,0,0,0,0,0
7883,811,183,8,8297,1,8330,13,4047,3,1890,182,1888,91,4042,91,1460,300,2132,98,0,0,0,0,0,0
7899,812,192,10,8487,1,8346,13,4045,4,1890,84,1888,42,1885,21,4042,21,5550,84,1460,222,2132,143,0,0
7899,813,192,10,8320,1,8346,13,5554,3,1890,172,1888,86,1885,43,4042,43,5550,172,1460,419,2132,143,0,0
7884,814,192,9,8300,1,8331,13,4047,3,1890,80,5550,40,1888,40,4042,40,1460,230,2132,143,0,0,0,0
7884,815,192,9,8299,1,8331,13,4047,4,1890,196,5550,98,1888,98,4042,98,1460,417,2132,143,0,0,0,0
7897,816,165,7,8344,11,1890,104,1888,52,1885,26,5220,130,1459,420,2131,248,0,0,0,0,0,0,0,0
8187,817,138,4,8370,1,8376,20,6913,300,6914,150,0,0,0,0,0,0,0,0,0,0,0,0,0,0
8188,818,138,4,8371,1,8377,20,6913,300,6914,150,0,0,0,0,0,0,0,0,0,0,0,0,0,0
8189,819,138,4,8372,1,8378,20,6913,300,6914,150,0,0,0,0,0,0,0,0,0,0,0,0,0,0
8184,820,168,7,8365,1,8373,20,6913,300,6914,150,8352,450,8357,400,8355,350,0,0,0,0,0,0,0,0
8184,821,168,7,8364,1,8373,20,6913,400,6914,200,8352,700,8357,660,8355,600,0,0,0,0,0,0,0,0
8185,822,168,7,8367,1,8374,20,6913,300,6914,150,8351,430,8354,400,8359,365,0,0,0,0,0,0,0,0
8185,823,168,7,8366,1,8374,20,6913,400,6914,200,8351,680,8354,660,8359,620,0,0,0,0,0,0,0,0
8186,824,168,7,8369,1,8375,20,6913,300,6914,150,8356,430,8358,400,8353,360,0,0,0,0,0,0,0,0
8186,825,168,7,8368,1,8375,20,6913,400,6914,200,8356,680,8358,660,8353,600,0,0,0,0,0,0,0,0
8622,826,10,2,1785,40,8658,20,0,0,0,0,0,0,0,0,0,0,0,0,0,0,0,0,0,0
8623,827,30,2,1785,130,8658,20,0,0,0,0,0,0,0,0,0,0,0,0,0,0,0,0,0,0
8624,828,50,2,1785,280,8658,20,0,0,0,0,0,0,0,0,0,0,0,0,0,0,0,0,0,0
8625,829,80,2,1785,380,8658,50,0,0,0,0,0,0,0,0,0,0,0,0,0,0,0,0,0,0
8626,830,110,2,1785,480,8658,50,0,0,0,0,0,0,0,0,0,0,0,0,0,0,0,0,0,0
8627,831,150,2,1785,580,8658,50,0,0,0,0,0,0,0,0,0,0,0,0,0,0,0,0,0,0
8628,832,10,2,3031,30,8658,20,0,0,0,0,0,0,0,0,0,0,0,0,0,0,0,0,0,0
8629,833,30,2,3031,80,8658,20,0,0,0,0,0,0,0,0,0,0,0,0,0,0,0,0,0,0
8630,834,50,2,3031,210,8658,30,0,0,0,0,0,0,0,0,0,0,0,0,0,0,0,0,0,0
8631,835,80,3,3031,260,4043,1,8658,60,0,0,0,0,0,0,0,0,0,0,0,0,0,0,0,0
8632,836,110,3,3031,315,4043,2,8658,60,0,0,0,0,0,0,0,0,0,0,0,0,0,0,0,0
8633,837,150,3,3031,360,4043,3,8658,60,0,0,0,0,0,0,0,0,0,0,0,0,0,0,0,0
8634,838,10,2,1785,20,8658,10,0,0,0,0,0,0,0,0,0,0,0,0,0,0,0,0,0,0
8635,839,30,2,1785,50,8658,15,0,0,0,0,0,0,0,0,0,0,0,0,0,0,0,0,0,0
8636,840,50,2,1785,110,8658,25,0,0,0,0,0,0,0,0,0,0,0,0,0,0,0,0,0,0
8637,841,80,2,1785,140,8658,50,0,0,0,0,0,0,0,0,0,0,0,0,0,0,0,0,0,0
8638,842,110,2,1785,180,8658,50,0,0,0,0,0,0,0,0,0,0,0,0,0,0,0,0,0,0
8639,843,150,2,1785,220,8658,50,0,0,0,0,0,0,0,0,0,0,0,0,0,0,0,0,0,0
8678,844,210,9,8690,1,8712,15,4047,3,5550,102,1890,204,1888,204,4042,102,1461,254,2133,100,0,0,0,0
8678,845,210,9,8691,1,8712,15,4047,4,5550,210,1890,420,1888,420,4042,210,1461,480,2133,100,0,0,0,0
8679,846,210,9,8692,1,8713,15,4047,3,1890,226,5550,113,1888,113,4042,113,1461,254,2133,100,0,0,0,0
8679,847,210,9,8693,1,8713,15,4047,4,1890,468,5550,234,1888,234,4042,234,1461,480,2133,100,0,0,0,0
8680,848,210,10,8694,1,8714,15,4045,3,1890,136,5550,272,1888,136,1885,68,4042,68,1461,254,2133,100,0,0
8680,849,210,10,8695,1,8714,15,5554,2,1890,264,5550,528,1888,264,1885,132,4042,132,1461,480,2133,100,0,0
8681,850,210,10,8696,1,8715,15,4045,4,1890,208,5550,208,1888,104,1885,52,4042,52,1461,254,2133,100,0,0
8681,851,210,10,8697,1,8715,15,5554,3,1890,404,5550,404,1888,202,1885,101,4042,101,1461,480,2133,100,0,0
8682,852,210,9,8698,1,8716,15,4047,3,5550,102,1890,204,1888,204,4042,102,1461,254,2133,100,0,0,0,0
8682,853,210,9,8699,1,8716,15,4047,4,5550,210,1890,420,1888,420,4042,210,1461,480,2133,100,0,0,0,0
8683,854,210,10,8700,1,8717,15,4045,4,1890,208,5550,208,1888,104,1885,52,4042,52,1461,254,2133,100,0,0
8683,855,210,10,8701,1,8717,15,5554,3,1890,404,5550,404,1888,202,1885,101,4042,101,1461,480,2133,100,0,0
8684,856,210,10,8702,1,8718,15,4045,3,1890,340,5550,136,1885,68,1889,68,4042,68,1461,254,2133,100,0,0
8684,857,210,10,8703,1,8718,15,5554,2,1890,665,5550,266,1885,133,1889,133,4042,133,1461,480,2133,100,0,0
8685,858,210,10,8704,1,8719,15,4045,3,1890,136,5550,272,1888,136,1885,68,4042,68,1461,254,2133,100,0,0
8685,859,210,10,8705,1,8719,15,5554,2,1890,264,5550,528,1888,264,1885,132,4042,132,1461,480,2133,100,0,0
8686,860,210,9,8706,1,8720,15,4047,3,5550,102,1890,204,1888,204,4042,102,1461,254,2133,100,0,0,0,0
8686,861,210,9,8707,1,8720,15,4047,4,5550,210,1890,420,1888,420,4042,210,1461,480,2133,100,0,0,0,0
8687,862,210,10,8708,1,8721,15,4045,3,1893,106,5550,212,1881,212,1889,106,4042,106,1461,254,2133,100,0,0
8687,863,210,10,8709,1,8721,15,5554,2,1893,207,5550,414,1881,414,1889,207,4042,207,1461,480,2133,100,0,0
8688,864,210,10,8710,1,8722,15,4045,3,1893,106,5550,212,1881,212,1889,106,4042,106,1461,254,2133,100,0,0
8688,865,210,10,8711,1,8722,15,5554,2,1893,207,5550,414,1881,414,1889,207,4042,207,1461,480,2133,100,0,0
9171,866,50,3,9169,1,9168,10,9170,20,0,0,0,0,0,0,0,0,0,0,0,0,0,0,0,0
9172,867,50,3,9169,1,9168,5,9170,30,0,0,0,0,0,0,0,0,0,0,0,0,0,0,0,0
9173,868,50,3,9169,1,9168,8,9170,24,0,0,0,0,0,0,0,0,0,0,0,0,0,0,0,0
9174,869,50,3,9169,1,9168,6,9170,28,0,0,0,0,0,0,0,0,0,0,0,0,0,0,0,0
9175,870,50,3,9169,1,9168,14,9170,12,0,0,0,0,0,0,0,0,0,0,0,0,0,0,0,0
9176,871,50,3,9169,1,9168,17,9170,6,0,0,0,0,0,0,0,0,0,0,0,0,0,0,0,0
9442,872,240,10,9967,1,9616,18,5554,4,1890,376,1888,376,5550,188,4042,188,9629,94,1462,350,2134,69,0,0
9443,873,240,10,9968,1,9617,18,5554,4,1890,408,1888,204,5550,204,4042,204,9629,102,1462,347,2134,69,0,0
9444,874,240,10,9969,1,9618,18,5554,4,1890,376,1888,376,5550,188,4042,188,9629,94,1462,350,2134,69,0,0
9445,875,240,11,9970,1,9619,18,5554,4,1890,750,5550,300,1885,150,1889,150,4042,150,9629,75,1462,346,2134,69
9446,876,240,10,9971,1,9620,18,5554,4,1890,376,1888,376,5550,188,4042,188,9629,94,1462,350,2134,69,0,0
9447,877,240,11,9972,1,9621,18,5554,4,1890,408,1888,204,5550,408,1885,102,4042,102,9629,51,1462,358,2134,69
9448,878,240,11,9973,1,9622,18,5554,4,1890,244,1888,244,5550,488,1885,122,4042,122,9629,61,1462,349,2134,69
9449,879,240,11,9974,1,9623,18,5554,4,1890,244,1888,244,5550,488,1885,122,4042,122,9629,61,1462,349,2134,69
9450,880,240,11,9975,1,9624,18,5554,4,1890,244,1888,244,5550,488,1885,122,4042,122,9629,61,1462,349,2134,69
9514,881,240,8,9482,1,9530,18,5553,3,1890,234,4043,156,9630,39,1462,98,2134,20,0,0,0,0,0,0
9515,882,240,8,9483,1,9531,18,5553,2,1890,144,4043,96,9630,24,1462,60,2134,12,0,0,0,0,0,0
9516,883,240,8,9484,1,9532,18,5551,1,1894,300,4043,30,9630,15,1462,35,2134,7,0,0,0,0,0,0
9517,884,240,9,9485,1,9533,18,5552,1,1894,120,1885,72,4043,24,9630,12,1462,22,2134,4,0,0,0,0
9518,885,240,9,9486,1,9534,18,5552,1,1894,120,1885,72,4043,24,9630,12,1462,22,2134,4,0,0,0,0
9519,886,240,9,9487,1,9535,18,5551,1,1894,470,1895,282,4043,94,9630,47,1462,67,2134,14,0,0,0,0
9520,887,240,9,9488,1,9536,18,5551,1,1894,290,1895,174,4043,58,9630,29,1462,40,2134,8,0,0,0,0
9521,888,240,8,9489,1,9537,18,5551,1,1894,300,4043,30,9630,15,1462,35,2134,7,0,0,0,0,0,0
9522,889,240,9,9490,1,9538,18,5552,1,1894,120,1885,72,4043,24,9630,12,1462,22,2134,4,0,0,0,0
9523,890,240,9,9491,1,9539,18,5552,1,1894,120,1885,72,4043,24,9630,12,1462,22,2134,4,0,0,0,0
9524,891,240,9,9492,1,9540,18,5551,1,1894,470,1895,282,4043,94,9630,47,1462,67,2134,14,0,0,0,0
9525,892,240,9,9493,1,9541,18,5551,1,1894,290,1895,174,4043,58,9630,29,1462,40,2134,8,0,0,0,0
9526,893,240,8,9494,1,9542,18,5551,1,1894,300,4043,30,9630,15,1462,35,2134,7,0,0,0,0,0,0
9527,894,240,9,9495,1,9543,18,5552,1,1894,120,1885,72,4043,24,9630,12,1462,22,2134,4,0,0,0,0
9528,895,240,9,9496,1,9544,18,5552,1,1894,120,1885,72,4043,24,9630,12,1462,22,2134,4,0,0,0,0
9529,896,240,10,9497,1,9545,18,5551,1,1890,66,1894,22,1888,22,4043,22,9630,11,1462,23,2134,4,0,0
9452,897,240,9,9985,1,9991,18,5552,1,1895,100,1887,60,4044,20,9628,10,1462,21,2134,3,0,0,0,0
9453,898,240,9,9986,1,9992,18,5552,1,1895,160,1887,96,4044,32,9628,16,1462,23,2134,4,0,0,0,0
9454,899,240,9,9987,1,9993,18,4048,1,1895,80,1887,48,4044,16,9628,8,1462,13,2134,2,0,0,0,0
10215,900,246,10,10373,1,10397,18,5554,4,1890,600,1888,600,5550,300,4042,300,9629,150,1462,400,2134,99,0,0
10216,901,246,10,10374,1,10398,18,5554,4,1890,600,1888,600,5550,300,4042,300,9629,150,1462,400,2134,99,0,0
10217,902,246,10,10375,1,10399,18,5554,4,1890,600,1888,600,5550,300,4042,300,9629,150,1462,400,2134,99,0,0
10218,903,246,10,10376,1,10400,18,5554,4,1890,648,1888,324,5550,324,4042,324,9629,162,1462,399,2134,99,0,0
10219,904,246,11,10377,1,10401,18,5554,4,1890,656,1888,328,5550,656,1885,164,4042,164,9629,82,1462,403,2134,99
10220,905,246,11,10378,1,10402,18,5554,4,1890,392,1888,392,5550,784,1885,196,4042,196,9629,98,1462,400,2134,99
10221,906,246,11,10379,1,10403,18,5554,4,1890,392,1888,392,5550,784,1885,196,4042,196,9629,98,1462,400,2134,99
10222,907,246,11,10380,1,10404,18,5554,4,1890,392,1888,392,5550,784,1885,196,4042,196,9629,98,1462,400,2134,99
10223,908,246,11,10381,1,10405,18,5554,4,1890,990,5550,396,1885,198,1889,198,4042,198,9629,99,1462,396,2134,99
10252,909,240,11,10544,1,10546,18,5554,4,1893,178,5550,356,1889,178,1881,356,4042,178,9629,89,1462,342,2134,69
10253,910,240,11,10545,1,10547,18,5554,4,1890,408,1888,204,5550,408,1885,102,4042,102,9629,51,1462,358,2134,69
13885,911,225,9,13100,1,13099,17,5551,1,1890,36,1894,12,1888,12,4043,12,1462,17,2134,2,0,0,0,0
13885,912,225,9,13101,1,13099,17,5551,1,1890,87,1894,29,1888,29,4043,29,1462,32,2134,2,0,0,0,0
13886,913,240,10,10115,1,10114,18,5551,1,1890,66,1894,22,1888,22,4043,22,9630,11,1462,23,2134,4,0,0
14038,914,240,1,14009,6,0,0,0,0,0,0,0,0,0,0,0,0,0,0,0,0,0,0,0,0
14040,915,240,1,14010,6,0,0,0,0,0,0,0,0,0,0,0,0,0,0,0,0,0,0,0,0
14042,916,240,3,14009,2,14010,2,14011,3,0,0,0,0,0,0,0,0,0,0,0,0,0,0,0,0
14044,917,240,2,14009,2,14011,4,0,0,0,0,0,0,0,0,0,0,0,0,0,0,0,0,0,0
14045,918,240,2,14010,2,14011,4,0,0,0,0,0,0,0,0,0,0,0,0,0,0,0,0,0,0
14046,919,240,2,14010,4,14011,2,0,0,0,0,0,0,0,0,0,0,0,0,0,0,0,0,0,0
14047,920,240,3,14009,1,14010,1,14011,4,0,0,0,0,0,0,0,0,0,0,0,0,0,0,0,0
14048,921,240,3,14009,4,14010,1,14011,1,0,0,0,0,0,0,0,0,0,0,0,0,0,0,0,0
14049,922,240,2,14009,4,14011,2,0,0,0,0,0,0,0,0,0,0,0,0,0,0,0,0,0,0
14050,923,240,2,14010,4,14011,2,0,0,0,0,0,0,0,0,0,0,0,0,0,0,0,0,0,0
14039,924,240,1,14009,8,0,0,0,0,0,0,0,0,0,0,0,0,0,0,0,0,0,0,0,0
14041,925,240,1,14009,8,0,0,0,0,0,0,0,0,0,0,0,0,0,0,0,0,0,0,0,0
14043,926,240,3,14009,4,14010,4,14011,7,0,0,0,0,0,0,0,0,0,0,0,0,0,0,0,0
14051,927,240,3,14009,4,14010,4,14011,2,0,0,0,0,0,0,0,0,0,0,0,0,0,0,0,0
13277,928,240,3,14009,6,14010,6,14011,6,0,0,0,0,0,0,0,0,0,0,0,0,0,0,0,0
13278,929,240,3,14009,10,14010,10,14011,10,0,0,0,0,0,0,0,0,0,0,0,0,0,0,0,0
9552,930,240,1,14015,20,0,0,0,0,0,0,0,0,0,0,0,0,0,0,0,0,0,0,0,0
9553,931,240,1,14016,20,0,0,0,0,0,0,0,0,0,0,0,0,0,0,0,0,0,0,0,0
9555,932,240,1,14017,20,0,0,0,0,0,0,0,0,0,0,0,0,0,0,0,0,0,0,0,0
9554,933,240,1,14018,20,0,0,0,0,0,0,0,0,0,0,0,0,0,0,0,0,0,0,0,0
9556,934,240,1,14019,20,0,0,0,0,0,0,0,0,0,0,0,0,0,0,0,0,0,0,0,0
9557,935,240,1,14020,20,0,0,0,0,0,0,0,0,0,0,0,0,0,0,0,0,0,0,0,0
14855,936,100,1,14856,1,0,0,0,0,0,0,0,0,0,0,0,0,0,0,0,0,0,0,0,0
13143,954,252,8,15792,1,15660,19,5551,1,1894,510,4043,51,9630,26,1462,76,2134,13,0,0,0,0,0,0
13144,955,252,8,15793,1,15661,19,5551,1,1894,510,4043,51,9630,26,1462,76,2134,13,0,0,0,0,0,0
13145,956,252,8,15794,1,15662,19,5551,1,1894,510,4043,51,9630,26,1462,76,2134,13,0,0,0,0,0,0
14105,957,252,8,15795,1,15663,19,5553,3,1890,435,4043,290,9630,73,1462,201,2134,35,0,0,0,0,0,0
14106,958,252,9,15796,1,15664,19,5551,1,1894,770,1895,462,9630,77,4043,154,1462,152,2134,26,0,0,0,0
14107,959,252,9,15797,1,15665,19,5551,1,1894,770,1895,462,9630,77,4043,154,1462,152,2134,26,0,0,0,0
14108,960,252,8,15798,1,15666,19,5553,2,1890,270,4043,180,9630,45,1462,125,2134,22,0,0,0,0,0,0
14109,963,252,9,15801,1,15667,19,5552,1,1894,210,1885,126,4043,42,9630,21,1462,50,2134,9,0,0,0,0
14110,966,252,9,15804,1,15668,19,5552,1,1894,210,1885,126,4043,42,9630,21,1462,50,2134,9,0,0,0,0
14111,970,252,10,15808,1,15669,19,5551,1,1890,114,1894,38,1888,38,4043,38,9630,19,1462,50,2134,9,0,0
14112,961,252,9,15799,1,15670,19,5551,1,1894,470,1895,282,4043,94,9630,47,1462,96,2134,16,0,0,0,0
14113,964,252,9,15802,1,15671,19,5552,1,1894,210,1885,126,4043,42,9630,21,1462,50,2134,9,0,0,0,0
14114,967,252,9,15805,1,15672,19,5552,1,1894,210,1885,126,4043,42,9630,21,1462,50,2134,9,0,0,0,0
14115,962,252,9,15800,1,15673,19,5551,1,1894,470,1895,282,4043,94,9630,47,1462,96,2134,16,0,0,0,0
14116,965,252,9,15803,1,15674,19,5552,1,1894,210,1885,126,4043,42,9630,21,1462,50,2134,9,0,0,0,0
14117,968,252,9,15806,1,15675,19,5552,1,1894,210,1885,126,4043,42,9630,21,1462,50,2134,9,0,0,0,0
13457,977,252,10,15815,1,15634,19,5554,4,1890,728,1888,728,5550,364,4042,364,9629,182,1462,621,2134,108,0,0
13458,978,252,10,15816,1,15635,19,5554,4,1890,786,1888,393,5550,393,4042,393,9629,197,1462,621,2134,108,0,0
13459,979,252,10,15817,1,15636,19,5554,4,1890,728,1888,728,5550,364,4042,364,9629,182,1462,621,2134,108,0,0
13460,980,252,10,15818,1,15637,19,5554,4,1890,728,1888,728,5550,364,4042,364,9629,182,1462,621,2134,108,0,0
13461,981,252,11,15819,1,15638,19,5554,4,1890,476,1888,476,5550,952,1885,238,4042,238,9629,119,1462,621,2134,108
13462,982,252,11,15820,1,15639,19,5554,4,1890,800,1888,400,5550,800,1885,200,4042,200,9629,100,1462,619,2134,108
13463,983,252,11,15821,1,15640,19,5554,4,1890,476,1888,476,5550,952,1885,238,4042,238,9629,119,1462,621,2134,108
13464,984,252,11,15822,1,15641,19,5554,4,1890,800,1888,400,5550,800,1885,200,4042,200,9629,100,1462,619,2134,108
13465,985,252,11,15823,1,15642,19,5554,4,1890,476,1888,476,5550,952,1885,238,4042,238,9629,119,1462,621,2134,108
13466,986,252,11,15824,1,15643,19,5554,4,1893,340,5550,680,1889,340,1881,680,4042,340,9629,170,1462,622,2134,108
13467,987,252,11,15825,1,15644,19,5554,4,1890,1200,5550,480,1885,240,1889,240,4042,240,9629,120,1462,618,2134,108
14160,972,252,9,15810,1,15770,19,5552,1,1895,320,1887,192,4044,64,9628,32,1462,57,2134,10,0,0,0,0
14161,973,252,9,15811,1,15771,19,5552,1,1895,440,1887,264,4044,88,9628,44,1462,76,2134,13,0,0,0,0
14162,971,252,9,15809,1,15769,19,4048,1,1895,220,1887,132,4044,44,9628,22,1462,40,2134,7,0,0,0,0
13887,969,252,10,15807,1,15691,19,5551,1,1890,114,1894,38,1888,38,4043,38,9630,19,1462,50,2134,9,0,0
15694,937,246,8,15775,1,15645,18,5551,1,1894,360,4043,36,9630,18,1462,54,2134,9,0,0,0,0,0,0
15695,938,246,8,15776,1,15646,18,5551,1,1894,360,4043,36,9630,18,1462,54,2134,9,0,0,0,0,0,0
15696,939,246,8,15777,1,15647,18,5551,1,1894,360,4043,36,9630,18,1462,54,2134,9,0,0,0,0,0,0
15697,940,246,8,15778,1,15648,18,5553,3,1890,294,4043,196,9630,49,1462,145,2134,25,0,0,0,0,0,0
15698,941,246,9,15779,1,15649,18,5551,1,1894,550,1895,330,9630,55,4043,110,1462,110,2134,19,0,0,0,0
15699,942,246,9,15780,1,15650,18,5551,1,1894,550,1895,330,9630,55,4043,110,1462,110,2134,19,0,0,0,0
15700,943,246,8,15781,1,15651,18,5553,2,1890,180,4043,120,9630,30,1462,92,2134,16,0,0,0,0,0,0
15701,944,246,9,15782,1,15652,18,5551,1,1894,330,1895,198,4043,66,9630,33,1462,70,2134,12,0,0,0,0
15702,945,246,9,15783,1,15653,18,5551,1,1894,330,1895,198,4043,66,9630,33,1462,70,2134,12,0,0,0,0
15703,946,246,9,15784,1,15654,18,5552,1,1894,140,1885,84,4043,28,9630,14,1462,37,2134,6,0,0,0,0
15704,947,246,9,15785,1,15655,18,5552,1,1894,140,1885,84,4043,28,9630,14,1462,37,2134,6,0,0,0,0
15705,948,246,9,15786,1,15656,18,5552,1,1894,140,1885,84,4043,28,9630,14,1462,37,2134,6,0,0,0,0
15706,949,246,9,15787,1,15657,18,5552,1,1894,140,1885,84,4043,28,9630,14,1462,37,2134,6,0,0,0,0
15707,950,246,9,15788,1,15658,18,5552,1,1894,140,1885,84,4043,28,9630,14,1462,37,2134,6,0,0,0,0
15708,951,246,9,15789,1,15659,18,5552,1,1894,140,1885,84,4043,28,9630,14,1462,37,2134,6,0,0,0,0
15709,952,246,10,15790,1,15692,18,5551,1,1890,78,1894,26,1888,26,9630,13,4043,26,1462,38,2134,7,0,0
15710,953,246,10,15791,1,15693,18,5551,1,1890,78,1894,26,1888,26,9630,13,4043,26,1462,38,2134,7,0,0
15766,974,246,9,15812,1,15772,18,4048,1,1895,160,1887,96,4044,32,9628,16,1462,26,2134,5,0,0,0,0
15767,975,246,9,15813,1,15773,18,5552,1,1895,220,1887,132,4044,44,9628,22,1462,41,2134,7,0,0,0,0
15768,976,246,9,15814,1,15774,18,5552,1,1895,310,1887,186,4044,62,9628,31,1462,53,2134,10,0,0,0,0
16098,988,168,3,16110,1,16122,10,1462,10,0,0,0,0,0,0,0,0,0,0,0,0,0,0,0,0
16099,989,168,3,16111,1,16123,10,1462,10,0,0,0,0,0,0,0,0,0,0,0,0,0,0,0,0
16100,990,168,3,16112,1,16124,10,1462,10,0,0,0,0,0,0,0,0,0,0,0,0,0,0,0,0
16101,991,168,3,16113,1,16125,10,1462,10,0,0,0,0,0,0,0,0,0,0,0,0,0,0,0,0
16102,992,168,3,16114,1,16126,10,1462,10,0,0,0,0,0,0,0,0,0,0,0,0,0,0,0,0
16103,993,168,3,16115,1,16127,10,1462,10,0,0,0,0,0,0,0,0,0,0,0,0,0,0,0,0
16104,994,168,3,16116,1,16128,10,1462,10,0,0,0,0,0,0,0,0,0,0,0,0,0,0,0,0
16105,995,168,3,16117,1,16129,10,1462,10,0,0,0,0,0,0,0,0,0,0,0,0,0,0,0,0
16106,996,168,3,16118,1,16130,10,1462,10,0,0,0,0,0,0,0,0,0,0,0,0,0,0,0,0
16107,997,168,3,16119,1,16131,10,1462,10,0,0,0,0,0,0,0,0,0,0,0,0,0,0,0,0
16108,998,168,3,16120,1,16132,10,1462,10,0,0,0,0,0,0,0,0,0,0,0,0,0,0,0,0
16109,999,168,3,16121,1,16133,10,1462,10,0,0,0,0,0,0,0,0,0,0,0,0,0,0,0,0
17596,1000,100,3,17597,1,17598,1,17599,1,0,0,0,0,0,0,0,0,0,0,0,0,0,0,0,0
18103,1001,258,8,19316,1,19169,10,19305,1,19309,3,19310,8,19311,2,17371,22,19315,15,0,0,0,0,0,0
18104,1002,258,8,19317,1,19170,10,19305,1,19309,3,19310,8,19311,2,17371,22,19315,15,0,0,0,0,0,0
18105,1003,258,8,19318,1,19171,10,19305,1,19309,3,19310,8,19311,2,17371,22,19315,15,0,0,0,0,0,0
18106,1004,258,8,19319,1,19172,10,19305,1,19309,3,19310,8,19311,2,17371,22,19315,15,0,0,0,0,0,0
18107,1005,258,8,19320,1,19173,10,19305,1,19309,3,19310,8,19311,2,17371,22,19315,15,0,0,0,0,0,0
18108,1006,258,8,19321,1,19174,10,19305,1,19309,3,19310,8,19311,2,17371,22,19315,15,0,0,0,0,0,0
18109,1007,258,8,19322,1,19175,10,19305,1,19309,3,19310,8,19311,2,17371,22,19315,15,0,0,0,0,0,0
18110,1008,258,8,19323,1,19176,10,19305,1,19309,3,19310,8,19311,2,17371,22,19315,15,0,0,0,0,0,0
18111,1009,258,8,19324,1,19177,10,19305,1,19309,3,19310,8,19311,2,17371,22,19315,15,0,0,0,0,0,0
18112,1010,258,8,19325,1,19178,10,19305,1,19309,3,19310,8,19311,2,17371,22,19315,15,0,0,0,0,0,0
18113,1011,258,8,19326,1,19179,10,19305,1,19309,3,19310,8,19311,2,17371,22,19315,15,0,0,0,0,0,0
18117,1012,258,7,19327,1,19183,15,19306,1,19312,1,19313,1,17371,4,19315,11,0,0,0,0,0,0,0,0
18118,1013,258,7,19328,1,19184,15,19307,1,19312,2,19313,3,17371,12,19315,5,0,0,0,0,0,0,0,0
18119,1014,258,7,19329,1,19185,15,19307,1,19312,1,19313,2,17371,6,19315,16,0,0,0,0,0,0,0,0
18120,1015,258,6,19330,1,19186,15,19306,1,19313,1,17371,2,19315,16,0,0,0,0,0,0,0,0,0,0
18121,1016,258,6,19331,1,19187,15,19306,1,19313,1,17371,2,19315,16,0,0,0,0,0,0,0,0,0,0
18122,1017,258,6,19332,1,19188,15,19306,1,19312,2,17371,3,19315,29,0,0,0,0,0,0,0,0,0,0
18123,1018,258,7,19333,1,19189,15,19306,1,19312,1,19313,1,17371,4,19315,11,0,0,0,0,0,0,0,0
18124,1019,258,7,19334,1,19190,15,19307,1,19312,2,19313,3,17371,12,19315,11,0,0,0,0,0,0,0,0
18125,1020,258,7,19335,1,19191,15,19307,1,19312,1,19313,2,17371,6,19315,8,0,0,0,0,0,0,0,0
18126,1021,258,6,19336,1,19192,15,19306,1,19313,1,17371,2,19315,16,0,0,0,0,0,0,0,0,0,0
18127,1022,258,6,19337,1,19193,15,19306,1,19313,1,17371,2,19315,16,0,0,0,0,0,0,0,0,0,0
18128,1023,258,7,19338,1,19194,15,19306,1,19312,1,19313,1,17371,4,19315,11,0,0,0,0,0,0,0,0
18129,1024,258,7,19339,1,19195,15,19307,1,19312,2,19313,3,17371,12,19315,11,0,0,0,0,0,0,0,0
18130,1025,258,7,19340,1,19196,15,19307,1,19312,1,19313,2,17371,6,19315,8,0,0,0,0,0,0,0,0
18131,1026,258,6,19341,1,19197,15,19306,1,19313,1,17371,2,19315,16,0,0,0,0,0,0,0,0,0,0
18132,1027,258,6,19342,1,19198,15,19306,1,19313,1,17371,2,19315,16,0,0,0,0,0,0,0,0,0,0
18133,1028,258,6,19343,1,19199,15,19306,1,19312,2,17371,3,19315,29,0,0,0,0,0,0,0,0,0,0
18134,1029,258,6,19344,1,19200,20,19308,1,19314,3,17371,2,19315,25,0,0,0,0,0,0,0,0,0,0
18135,1030,258,6,19345,1,19201,20,19308,1,19314,2,17371,2,19315,13,0,0,0,0,0,0,0,0,0,0
18136,1031,258,6,19346,1,19202,20,19308,1,19314,1,17371,1,19315,1,0,0,0,0,0,0,0,0,0,0
18137,1032,264,8,19347,1,19203,10,19305,2,19309,7,19310,19,19311,6,17371,49,19315,54,0,0,0,0,0,0
18138,1033,264,8,19348,1,19204,10,19305,2,19309,7,19310,19,19311,6,17371,49,19315,54,0,0,0,0,0,0
18139,1034,264,8,19349,1,19205,10,19305,2,19309,7,19310,19,19311,6,17371,49,19315,54,0,0,0,0,0,0
18140,1035,264,8,19350,1,19206,10,19305,2,19309,7,19310,19,19311,6,17371,49,19315,54,0,0,0,0,0,0
18141,1036,264,8,19351,1,19207,10,19305,2,19309,7,19310,19,19311,6,17371,49,19315,54,0,0,0,0,0,0
18142,1037,264,8,19352,1,19208,10,19305,2,19309,7,19310,19,19311,6,17371,49,19315,54,0,0,0,0,0,0
18143,1038,264,8,19353,1,19209,10,19305,2,19309,7,19310,19,19311,6,17371,49,19315,54,0,0,0,0,0,0
18144,1039,264,8,19354,1,19210,10,19305,2,19309,7,19310,19,19311,6,17371,49,19315,54,0,0,0,0,0,0
18145,1040,264,8,19355,1,19211,10,19305,2,19309,7,19310,19,19311,6,17371,49,19315,54,0,0,0,0,0,0
18146,1041,264,8,19356,1,19212,10,19305,2,19309,7,19310,19,19311,6,17371,49,19315,54,0,0,0,0,0,0
18147,1042,264,8,19357,1,19213,10,19305,2,19309,7,19310,19,19311,6,17371,49,19315,54,0,0,0,0,0,0
18151,1043,264,7,19358,1,19217,15,19306,2,19312,2,19313,3,17371,10,19315,16,0,0,0,0,0,0,0,0
18152,1044,264,7,19359,1,19218,15,19307,2,19312,5,19313,9,17371,27,19315,25,0,0,0,0,0,0,0,0
18153,1045,264,7,19360,1,19219,15,19307,2,19312,3,19313,5,17371,14,19315,21,0,0,0,0,0,0,0,0
18154,1046,264,6,19361,1,19220,15,19306,2,19313,2,17371,7,19315,45,0,0,0,0,0,0,0,0,0,0
18155,1047,264,6,19362,1,19221,15,19306,2,19313,2,17371,7,19315,45,0,0,0,0,0,0,0,0,0,0
18156,1048,264,6,19363,1,19222,15,19306,2,19312,5,17371,6,19315,29,0,0,0,0,0,0,0,0,0,0
18157,1049,264,7,19364,1,19223,15,19306,2,19312,2,19313,3,17371,10,19315,16,0,0,0,0,0,0,0,0
18158,1050,264,7,19365,1,19224,15,19307,2,19312,5,19313,9,17371,27,19315,21,0,0,0,0,0,0,0,0
18159,1051,264,7,19366,1,19225,15,19307,2,19312,3,19313,5,17371,14,19315,8,0,0,0,0,0,0,0,0
18160,1052,264,6,19367,1,19226,15,19306,2,19313,2,17371,7,19315,45,0,0,0,0,0,0,0,0,0,0
18161,1053,264,6,19368,1,19227,15,19306,2,19313,2,17371,7,19315,45,0,0,0,0,0,0,0,0,0,0
18162,1054,264,7,19369,1,19228,15,19306,2,19312,2,19313,3,17371,10,19315,16,0,0,0,0,0,0,0,0
18163,1055,264,7,19370,1,19229,15,19307,2,19312,5,19313,9,17371,27,19315,21,0,0,0,0,0,0,0,0
18164,1056,264,7,19371,1,19230,15,19307,2,19312,3,19313,5,17371,14,19315,8,0,0,0,0,0,0,0,0
18165,1057,264,6,19372,1,19231,15,19306,2,19313,2,17371,7,19315,45,0,0,0,0,0,0,0,0,0,0
18166,1058,264,6,19373,1,19232,15,19306,2,19313,2,17371,7,19315,45,0,0,0,0,0,0,0,0,0,0
18167,1059,264,6,19374,1,19233,15,19306,2,19312,5,17371,6,19315,29,0,0,0,0,0,0,0,0,0,0
18168,1060,264,6,19375,1,19234,20,19308,2,19314,7,17371,6,19315,30,0,0,0,0,0,0,0,0,0,0
18169,1061,264,6,19376,1,19235,20,19308,2,19314,5,17371,5,19315,32,0,0,0,0,0,0,0,0,0,0
18170,1062,264,6,19377,1,19236,20,19308,2,19314,2,17371,3,19315,23,0,0,0,0,0,0,0,0,0,0
18171,1063,270,8,19378,1,19237,10,19514,1,19309,15,19310,42,19311,12,17371,95,19315,105,0,0,0,0,0,0
18172,1064,270,8,19379,1,19238,10,19514,1,19309,15,19310,42,19311,12,17371,95,19315,105,0,0,0,0,0,0
18173,1065,270,8,19380,1,19239,10,19514,1,19309,15,19310,42,19311,12,17371,95,19315,105,0,0,0,0,0,0
18174,1066,270,8,19381,1,19240,10,19514,1,19309,15,19310,42,19311,12,17371,95,19315,105,0,0,0,0,0,0
18175,1067,270,8,19382,1,19241,10,19514,1,19309,15,19310,42,19311,12,17371,95,19315,105,0,0,0,0,0,0
18176,1068,270,8,19383,1,19242,10,19514,1,19309,15,19310,42,19311,12,17371,95,19315,105,0,0,0,0,0,0
18177,1069,270,8,19384,1,19243,10,19514,1,19309,15,19310,42,19311,12,17371,95,19315,105,0,0,0,0,0,0
18178,1070,270,8,19385,1,19244,10,19514,1,19309,15,19310,42,19311,12,17371,95,19315,105,0,0,0,0,0,0
18179,1071,270,8,19386,1,19245,10,19514,1,19309,15,19310,42,19311,12,17371,95,19315,105,0,0,0,0,0,0
18180,1072,270,8,19387,1,19246,10,19514,1,19309,15,19310,42,19311,12,17371,95,19315,105,0,0,0,0,0,0
18181,1073,270,8,19388,1,19247,10,19514,1,19309,15,19310,42,19311,12,17371,95,19315,105,0,0,0,0,0,0
18185,1074,270,7,19389,1,19251,15,19515,1,19312,4,19313,7,17371,16,19315,39,0,0,0,0,0,0,0,0
18186,1075,270,7,19390,1,19252,15,19516,1,19312,11,19313,17,17371,49,19315,44,0,0,0,0,0,0,0,0
18187,1076,270,7,19391,1,19253,15,19516,1,19312,6,19313,8,17371,22,19315,41,0,0,0,0,0,0,0,0
18188,1077,270,6,19392,1,19254,15,19515,1,19313,4,17371,10,19315,66,0,0,0,0,0,0,0,0,0,0
18189,1078,270,6,19393,1,19255,15,19515,1,19313,4,17371,10,19315,66,0,0,0,0,0,0,0,0,0,0
18190,1079,270,6,19394,1,19256,15,19515,1,19312,10,17371,9,19315,37,0,0,0,0,0,0,0,0,0,0
18191,1080,270,7,19395,1,19257,15,19515,1,19312,4,19313,7,17371,16,19315,39,0,0,0,0,0,0,0,0
18192,1081,270,7,19396,1,19258,15,19516,1,19312,11,19313,17,17371,49,19315,55,0,0,0,0,0,0,0,0
18193,1082,270,7,19397,1,19259,15,19516,1,19312,6,19313,8,17371,22,19315,33,0,0,0,0,0,0,0,0
18194,1083,270,6,19398,1,19260,15,19515,1,19313,4,17371,10,19315,66,0,0,0,0,0,0,0,0,0,0
18195,1084,270,6,19399,1,19261,15,19515,1,19313,4,17371,10,19315,66,0,0,0,0,0,0,0,0,0,0
18196,1085,270,7,19400,1,19262,15,19515,1,19312,4,19313,7,17371,16,19315,39,0,0,0,0,0,0,0,0
18197,1086,270,7,19401,1,19263,15,19516,1,19312,11,19313,17,17371,49,19315,55,0,0,0,0,0,0,0,0
18198,1087,270,7,19402,1,19264,15,19516,1,19312,6,19313,8,17371,22,19315,33,0,0,0,0,0,0,0,0
18199,1088,270,6,19403,1,19265,15,19515,1,19313,4,17371,10,19315,66,0,0,0,0,0,0,0,0,0,0
18200,1089,270,6,19404,1,19266,15,19515,1,19313,4,17371,10,19315,66,0,0,0,0,0,0,0,0,0,0
18201,1090,270,6,19405,1,19267,15,19515,1,19312,10,17371,9,19315,37,0,0,0,0,0,0,0,0,0,0
18202,1091,270,6,19406,1,19268,20,19517,1,19314,15,17371,13,19315,55,0,0,0,0,0,0,0,0,0,0
18203,1092,270,6,19407,1,19269,20,19517,1,19314,9,17371,10,19315,32,0,0,0,0,0,0,0,0,0,0
18204,1093,270,6,19408,1,19270,20,19517,1,19314,4,17371,6,19315,30,0,0,0,0,0,0,0,0,0,0
18205,1094,276,8,19409,1,19271,10,19518,1,19309,33,19310,93,19311,28,17371,184,19315,215,0,0,0,0,0,0
18206,1095,276,8,19410,1,19272,10,19518,1,19309,33,19310,93,19311,28,17371,184,19315,215,0,0,0,0,0,0
18207,1096,276,8,19411,1,19273,10,19518,1,19309,33,19310,93,19311,28,17371,184,19315,215,0,0,0,0,0,0
18208,1097,276,8,19412,1,19274,10,19518,1,19309,33,19310,93,19311,28,17371,184,19315,215,0,0,0,0,0,0
18209,1098,276,8,19413,1,19275,10,19518,1,19309,33,19310,93,19311,28,17371,184,19315,215,0,0,0,0,0,0
18210,1099,276,8,19414,1,19276,10,19518,1,19309,33,19310,93,19311,28,17371,184,19315,215,0,0,0,0,0,0
18211,1100,276,8,19415,1,19277,10,19518,1,19309,33,19310,93,19311,28,17371,184,19315,215,0,0,0,0,0,0
18212,1101,276,8,19416,1,19278,10,19518,1,19309,33,19310,93,19311,28,17371,184,19315,215,0,0,0,0,0,0
18213,1102,276,8,19417,1,19279,10,19518,1,19309,33,19310,93,19311,28,17371,184,19315,215,0,0,0,0,0,0
18214,1103,276,8,19418,1,19280,10,19518,1,19309,33,19310,93,19311,28,17371,184,19315,215,0,0,0,0,0,0
18215,1104,276,8,19419,1,19281,10,19518,1,19309,33,19310,93,19311,28,17371,184,19315,215,0,0,0,0,0,0
18219,1105,276,7,19420,1,19285,15,19519,1,19312,8,19313,13,17371,35,19315,107,0,0,0,0,0,0,0,0
18220,1106,276,7,19421,1,19286,15,19520,1,19312,22,19313,38,17371,97,19315,104,0,0,0,0,0,0,0,0
18221,1107,276,7,19422,1,19287,15,19520,1,19312,11,19313,18,17371,38,19315,104,0,0,0,0,0,0,0,0
18222,1108,276,6,19423,1,19288,15,19519,1,19313,7,17371,19,19315,104,0,0,0,0,0,0,0,0,0,0
18223,1109,276,6,19424,1,19289,15,19519,1,19313,7,17371,19,19315,104,0,0,0,0,0,0,0,0,0,0
18224,1110,276,6,19425,1,19290,15,19519,1,19312,17,17371,18,19315,88,0,0,0,0,0,0,0,0,0,0
18225,1111,276,7,19426,1,19291,15,19519,1,19312,8,19313,13,17371,35,19315,107,0,0,0,0,0,0,0,0
18226,1112,276,7,19427,1,19292,15,19520,1,19312,22,19313,38,17371,97,19315,91,0,0,0,0,0,0,0,0
18227,1113,276,7,19428,1,19293,15,19520,1,19312,11,19313,18,17371,38,19315,93,0,0,0,0,0,0,0,0
18228,1114,276,6,19429,1,19294,15,19519,1,19313,7,17371,19,19315,104,0,0,0,0,0,0,0,0,0,0
18229,1115,276,6,19430,1,19295,15,19519,1,19313,7,17371,19,19315,104,0,0,0,0,0,0,0,0,0,0
18230,1116,276,7,19431,1,19296,15,19519,1,19312,8,19313,13,17371,35,19315,107,0,0,0,0,0,0,0,0
18231,1117,276,7,19432,1,19297,15,19520,1,19312,22,19313,38,17371,97,19315,91,0,0,0,0,0,0,0,0
18232,1118,276,7,19433,1,19298,15,19520,1,19312,11,19313,18,17371,38,19315,93,0,0,0,0,0,0,0,0
18233,1119,276,6,19434,1,19299,15,19519,1,19313,7,17371,19,19315,104,0,0,0,0,0,0,0,0,0,0
18234,1120,276,6,19435,1,19300,15,19519,1,19313,7,17371,19,19315,104,0,0,0,0,0,0,0,0,0,0
18235,1121,276,6,19436,1,19301,15,19519,1,19312,17,17371,18,19315,88,0,0,0,0,0,0,0,0,0,0
18236,1122,276,6,19437,1,19302,20,19521,1,19314,31,17371,27,19315,112,0,0,0,0,0,0,0,0,0,0
18237,1123,276,6,19438,1,19303,20,19521,1,19314,19,17371,19,19315,111,0,0,0,0,0,0,0,0,0,0
18238,1124,276,6,19439,1,19304,20,19521,1,19314,8,17371,10,19315,107,0,0,0,0,0,0,0,0,0,0
17754,1125,258,2,1785,80,17371,2,0,0,0,0,0,0,0,0,0,0,0,0,0,0,0,0,0,0
19441,1126,258,2,3031,188,17371,2,0,0,0,0,0,0,0,0,0,0,0,0,0,0,0,0,0,0
19442,1127,258,2,3031,750,17371,2,0,0,0,0,0,0,0,0,0,0,0,0,0,0,0,0,0,0
30357,1128,246,3,1785,350,8658,100,17371,3,0,0,0,0,0,0,0,0,0,0,0,0,0,0,0,0
30358,1129,246,3,3031,215,17371,3,8658,115,0,0,0,0,0,0,0,0,0,0,0,0,0,0,0,0
30359,1130,246,3,1785,146,8658,100,17371,3,0,0,0,0,0,0,0,0,0,0,0,0,0,0,0,0
17755,1131,258,7,1868,4500,1884,1500,1878,925,1889,150,1881,300,17371,72,19440,10,0,0,0,0,0,0,0,0
17759,1132,258,7,1868,4500,1884,1500,1878,925,1889,150,1881,300,17371,72,19440,10,0,0,0,0,0,0,0,0
17763,1133,258,7,1868,4500,1884,1500,1878,925,1889,150,1881,300,17371,72,19440,10,0,0,0,0,0,0,0,0
17767,1134,258,7,1868,4500,1884,1500,1878,925,1889,150,1881,300,17371,72,19440,10,0,0,0,0,0,0,0,0
17771,1135,258,7,1868,4500,1884,1500,1878,925,1889,150,1881,300,17371,72,19440,10,0,0,0,0,0,0,0,0
17775,1136,258,7,1868,4500,1884,1500,1878,925,1889,150,1881,300,17371,72,19440,10,0,0,0,0,0,0,0,0
17779,1137,258,7,1868,4500,1884,1500,1878,925,1889,150,1881,300,17371,72,19440,10,0,0,0,0,0,0,0,0
17783,1138,258,7,1868,4500,1884,1500,1878,925,1889,150,1881,300,17371,72,19440,10,0,0,0,0,0,0,0,0
17787,1139,258,7,1868,4500,1884,1500,1878,925,1889,150,1881,300,17371,72,19440,10,0,0,0,0,0,0,0,0
17791,1140,258,7,1868,4500,1884,1500,1878,925,1889,150,1881,300,17371,72,19440,10,0,0,0,0,0,0,0,0
17795,1141,258,7,1868,4500,1884,1500,1878,925,1889,150,1881,300,17371,72,19440,10,0,0,0,0,0,0,0,0
17799,1142,258,7,1868,4500,1884,1500,1878,925,1889,150,1881,300,17371,72,19440,10,0,0,0,0,0,0,0,0
17803,1143,258,7,1868,4500,1884,1500,1878,925,1889,150,1881,300,17371,72,19440,10,0,0,0,0,0,0,0,0
17807,1144,258,7,1868,4500,1884,1500,1878,925,1889,150,1881,300,17371,72,19440,10,0,0,0,0,0,0,0,0
17811,1145,258,7,1868,4500,1884,1500,1878,925,1889,150,1881,300,17371,72,19440,10,0,0,0,0,0,0,0,0
17815,1146,258,7,1868,4500,1884,1500,1878,925,1889,150,1881,300,17371,72,19440,10,0,0,0,0,0,0,0,0
19470,1147,246,5,32304,1,19308,1,19314,3,19313,1,17371,1,0,0,0,0,0,0,0,0,0,0,0,0
19471,1148,246,4,32305,1,19314,5,19313,3,17371,3,0,0,0,0,0,0,0,0,0,0,0,0,0,0
19472,1149,246,5,32306,1,19308,2,19314,5,19313,3,17371,1,0,0,0,0,0,0,0,0,0,0,0,0
19473,1150,246,5,32307,1,19308,5,19314,7,19313,3,17371,2,0,0,0,0,0,0,0,0,0,0,0,0
19474,1151,246,4,32308,1,19314,5,19313,3,17371,3,0,0,0,0,0,0,0,0,0,0,0,0,0,0
19475,1152,246,5,32309,1,19308,6,19314,15,19313,8,17371,2,0,0,0,0,0,0,0,0,0,0,0,0
19476,1153,246,5,32310,1,19517,4,19314,8,19313,4,17371,3,0,0,0,0,0,0,0,0,0,0,0,0
19477,1154,246,4,32311,1,19314,5,19313,3,17371,3,0,0,0,0,0,0,0,0,0,0,0,0,0,0
19478,1155,246,5,32312,1,19517,6,19314,22,19313,15,17371,3,0,0,0,0,0,0,0,0,0,0,0,0
19479,1156,246,5,32313,1,19521,4,19314,24,19313,13,17371,1,0,0,0,0,0,0,0,0,0,0,0,0
19480,1157,246,4,32314,1,19314,5,19313,3,17371,3,0,0,0,0,0,0,0,0,0,0,0,0,0,0
19481,1158,246,5,32315,1,19521,8,19314,40,19313,30,17371,1,0,0,0,0,0,0,0,0,0,0,0,0
32316,1159,246,3,30357,1,30358,1,30359,1,0,0,0,0,0,0,0,0,0,0,0,0,0,0,0,0
17754,1160,258,2,1785,80,17371,2,0,0,0,0,0,0,0,0,0,0,0,0,0,0,0,0,0,0
19441,1161,258,2,3031,188,17371,2,0,0,0,0,0,0,0,0,0,0,0,0,0,0,0,0,0,0
19442,1162,258,2,3031,750,17371,2,0,0,0,0,0,0,0,0,0,0,0,0,0,0,0,0,0,0
20195,3000,50,3,20192,10,20193,10,20194,5,0,0,0,0,0,0,0,0,0,0,0,0,0,0,0,0
22291,3001,50,3,22296,10,22297,10,22298,5,0,0,0,0,0,0,0,0,0,0,0,0,0,0,0,0